timestamp,probe_type,target,category,success,http_code,time_namelookup,time_connect,time_appconnect,time_starttransfer,time_total,size_download,remote_ip,error
2026-02-17 17:07:09,dns,simei8.com,cn,True,0,0.002,-1.0,-1.0,-1.0,0.002,0,174.139.156.113,
2026-02-17 17:07:09,dns,onlylady.com,cn,True,0,0.001,-1.0,-1.0,-1.0,0.001,0,103.244.234.219,
2026-02-17 17:07:09,dns,globalrdp.cn,cn,True,0,0.093,-1.0,-1.0,-1.0,0.093,0,NOERROR:no-A-record,
2026-02-17 17:07:09,dns,xitong8.com,cn,True,0,0.067,-1.0,-1.0,-1.0,0.067,0,NOERROR:no-A-record,
2026-02-17 17:07:09,dns,douyuscdn.com,cn,True,0,0.049,-1.0,-1.0,-1.0,0.049,0,NOERROR:no-A-record,
2026-02-17 17:07:09,dns,globrand.com,cn,True,0,0.066,-1.0,-1.0,-1.0,0.066,0,NOERROR:no-A-record,
2026-02-17 17:07:09,dns,zztfly.com,cn,True,0,0.002,-1.0,-1.0,-1.0,0.002,0,121.40.67.193,
2026-02-17 17:07:09,dns,yslyhr.com,cn,True,0,0.025,-1.0,-1.0,-1.0,0.025,0,NOERROR:no-A-record,
2026-02-17 17:07:09,dns,dxy.com,cn,True,0,0.001,-1.0,-1.0,-1.0,0.001,0,118.25.163.169,
2026-02-17 17:07:09,dns,cqsjb.com,cn,True,0,0.075,-1.0,-1.0,-1.0,0.075,0,219.153.58.33,
2026-02-17 17:07:09,dns,airguilin.com,cn,True,0,0.001,-1.0,-1.0,-1.0,0.001,0,122.119.4.125,
2026-02-17 17:07:09,dns,njcb.com.cn,cn,True,0,0.001,-1.0,-1.0,-1.0,0.001,0,58.240.77.165,
2026-02-17 17:07:09,dns,zts.com.cn,cn,True,0,0.001,-1.0,-1.0,-1.0,0.001,0,58.56.93.154,
2026-02-17 17:07:09,dns,aws-icp-domain-manager.cn,cn,True,0,0.066,-1.0,-1.0,-1.0,0.066,0,NOERROR:no-A-record,
2026-02-17 17:07:09,dns,ssjlicai.com,cn,True,0,0.001,-1.0,-1.0,-1.0,0.001,0,43.231.162.12,
2026-02-17 17:07:09,dns,dazijia.com,cn,True,0,0.001,-1.0,-1.0,-1.0,0.001,0,192.238.142.124,
2026-02-17 17:07:09,dns,ntp.aliyun.com,cn,True,0,0.001,-1.0,-1.0,-1.0,0.001,0,time.local.,
2026-02-17 17:07:09,dns,onlinesjtu.com,cn,True,0,0.001,-1.0,-1.0,-1.0,0.001,0,154.212.1.4,
2026-02-17 17:07:09,dns,kfzimg.com,cn,True,0,0.067,-1.0,-1.0,-1.0,0.067,0,43.144.130.39,
2026-02-17 17:07:09,dns,heiyan.com,cn,True,0,0.001,-1.0,-1.0,-1.0,0.001,0,203.107.54.4,
2026-02-17 17:07:09,dns,whlovehome.com,cn,True,0,0.001,-1.0,-1.0,-1.0,0.001,0,104.21.78.156,
2026-02-17 17:07:09,dns,baixing.com,cn,True,0,0.001,-1.0,-1.0,-1.0,0.001,0,39.100.51.182,
2026-02-17 17:07:09,dns,qgzb.com.cn,cn,True,0,0.0,-1.0,-1.0,-1.0,0.0,0,NOERROR:no-A-record,
2026-02-17 17:07:09,dns,yuantongyizhan.cn,cn,True,0,0.0,-1.0,-1.0,-1.0,0.0,0,NOERROR:no-A-record,
2026-02-17 17:07:09,dns,gszq.com,cn,True,0,0.036,-1.0,-1.0,-1.0,0.036,0,NOERROR:no-A-record,
2026-02-17 17:07:09,dns,amemv.cn,cn,True,0,0.088,-1.0,-1.0,-1.0,0.088,0,NOERROR:no-A-record,
2026-02-17 17:07:09,dns,gzwanju.com,cn,True,0,0.002,-1.0,-1.0,-1.0,0.002,0,exp.gs-cdn.com.,
2026-02-17 17:07:09,dns,gfbzb.com.cn,cn,True,0,0.068,-1.0,-1.0,-1.0,0.068,0,NOERROR:no-A-record,
2026-02-17 17:07:09,dns,taihuoniao.com,cn,True,0,0.0,-1.0,-1.0,-1.0,0.0,0,117.50.82.185,
2026-02-17 17:07:09,dns,goosail.com,cn,True,0,0.088,-1.0,-1.0,-1.0,0.088,0,zg57.offcn.com.,
2026-02-17 17:07:09,dns,mindspore.cn,cn,True,0,0.012,-1.0,-1.0,-1.0,0.012,0,121.36.60.253,
2026-02-17 17:07:09,dns,2dfire.com,cn,True,0,0.003,-1.0,-1.0,-1.0,0.003,0,120.55.199.20,
2026-02-17 17:07:09,dns,dxm-cdn.com,cn,True,0,0.0,-1.0,-1.0,-1.0,0.0,0,NOERROR:no-A-record,
2026-02-17 17:07:09,dns,apollo.auto,cn,True,0,0.0,-1.0,-1.0,-1.0,0.0,0,39.156.68.51,
2026-02-17 17:07:09,dns,cocodiy.com,cn,True,0,0.001,-1.0,-1.0,-1.0,0.001,0,47.97.221.173,
2026-02-17 17:07:09,dns,dangdang.com,cn,True,0,0.001,-1.0,-1.0,-1.0,0.001,0,39.101.91.100,
2026-02-17 17:07:09,dns,tianjimedia.com,cn,True,0,0.002,-1.0,-1.0,-1.0,0.002,0,source.cdn.yesky.com.,
2026-02-17 17:07:09,dns,ebscn.com,cn,True,0,0.046,-1.0,-1.0,-1.0,0.046,0,NOERROR:no-A-record,
2026-02-17 17:07:09,dns,erji.net,cn,True,0,0.0,-1.0,-1.0,-1.0,0.0,0,14.152.95.58,
2026-02-17 17:07:09,dns,koowo.cn,cn,True,0,0.076,-1.0,-1.0,-1.0,0.076,0,101.42.132.135,
2026-02-17 17:07:09,dns,qgzb.net,cn,True,0,0.0,-1.0,-1.0,-1.0,0.0,0,NOERROR:no-A-record,
2026-02-17 17:07:09,dns,downcc.com,cn,True,0,0.076,-1.0,-1.0,-1.0,0.076,0,NOERROR:no-A-record,
2026-02-17 17:07:09,dns,wtzw.com,cn,True,0,0.049,-1.0,-1.0,-1.0,0.049,0,203.107.60.192,
2026-02-17 17:07:09,dns,xitu.io,cn,True,0,0.001,-1.0,-1.0,-1.0,0.001,0,103.136.220.204,
2026-02-17 17:07:09,dns,tmjiasuqi.com,cn,True,0,0.0,-1.0,-1.0,-1.0,0.0,0,47.92.88.183,
2026-02-17 17:07:09,dns,oi-wiki.com,cn,True,0,0.001,-1.0,-1.0,-1.0,0.001,0,oi-wiki.com.w.kunlungr.com.,
2026-02-17 17:07:09,dns,40407.com,cn,True,0,0.074,-1.0,-1.0,-1.0,0.074,0,172.67.183.207,
2026-02-17 17:07:09,dns,58che.com,cn,True,0,0.015,-1.0,-1.0,-1.0,0.015,0,42.187.180.19,
2026-02-17 17:07:09,dns,ebfortune.com,cn,True,0,0.001,-1.0,-1.0,-1.0,0.001,0,156.232.139.188,
2026-02-17 17:07:09,dns,anjukestatic.com,cn,True,0,0.001,-1.0,-1.0,-1.0,0.001,0,114.80.230.198,
2026-02-17 17:07:09,dns,3000.com,cn,True,0,0.001,-1.0,-1.0,-1.0,0.001,0,www3000com.5054399.com.,
2026-02-17 17:07:09,dns,wss1.cn,cn,True,0,0.136,-1.0,-1.0,-1.0,0.136,0,wss1.cn.cdn.dnsv1.com.cn.,
2026-02-17 17:07:09,dns,fnnas.com,cn,True,0,0.001,-1.0,-1.0,-1.0,0.001,0,alb-78bjiv52429oh8qptp.cn-shenzhen.alb.aliyuncs.com.,
2026-02-17 17:07:09,dns,pubgtool.com,cn,True,0,0.061,-1.0,-1.0,-1.0,0.061,0,0.0.0.1,
2026-02-17 17:07:09,dns,frp-mad.com,cn,True,0,0.037,-1.0,-1.0,-1.0,0.037,0,59.36.97.219,
2026-02-17 17:07:09,dns,fm3838.com,cn,True,0,0.001,-1.0,-1.0,-1.0,0.001,0,156.242.177.177,
2026-02-17 17:07:09,dns,e0n.cn,cn,True,0,0.0,-1.0,-1.0,-1.0,0.0,0,NOERROR:no-A-record,
2026-02-17 17:07:09,dns,yto-jsd.com,cn,True,0,0.039,-1.0,-1.0,-1.0,0.039,0,NOERROR:no-A-record,
2026-02-17 17:07:09,dns,qznovelstatic.com,cn,True,0,0.07,-1.0,-1.0,-1.0,0.07,0,NOERROR:no-A-record,
2026-02-17 17:07:09,dns,hihonorcloud.com,cn,True,0,0.002,-1.0,-1.0,-1.0,0.002,0,49.7.254.140,
2026-02-17 17:07:09,dns,frp-say.com,cn,True,0,0.001,-1.0,-1.0,-1.0,0.001,0,118.253.162.10,
2026-02-17 17:07:09,dns,tiebaimg.com,cn,True,0,0.0,-1.0,-1.0,-1.0,0.0,0,180.97.104.167,
2026-02-17 17:07:09,dns,ntp.ntsc.ac.cn,cn,True,0,0.0,-1.0,-1.0,-1.0,0.0,0,time.local.,
2026-02-17 17:07:09,dns,zhcw.com,cn,True,0,0.0,-1.0,-1.0,-1.0,0.0,0,a9d5feb0.uewaf.com.,
2026-02-17 17:07:09,dns,uoj.ac,cn,True,0,0.018,-1.0,-1.0,-1.0,0.018,0,114.215.147.61,
2026-02-17 17:07:09,dns,csslcloud.net,cn,True,0,0.0,-1.0,-1.0,-1.0,0.0,0,118.123.212.20,
2026-02-17 17:07:09,dns,hefei.cc,cn,True,0,0.001,-1.0,-1.0,-1.0,0.001,0,202.102.90.21,
2026-02-17 17:07:09,dns,bdurl.net,cn,True,0,0.024,-1.0,-1.0,-1.0,0.024,0,NOERROR:no-A-record,
2026-02-17 17:07:09,dns,ntp5.tencent.com,cn,True,0,0.001,-1.0,-1.0,-1.0,0.001,0,time.local.,
2026-02-17 17:07:09,dns,hecdn.net,cn,True,0,0.022,-1.0,-1.0,-1.0,0.022,0,NOERROR:no-A-record,
2026-02-17 17:07:09,dns,kuaishoupay.com,cn,True,0,0.002,-1.0,-1.0,-1.0,0.002,0,multi-az-pay.kuaishoupay.com.,
2026-02-17 17:07:09,dns,youxihezi.net,cn,True,0,0.001,-1.0,-1.0,-1.0,0.001,0,1.94.212.222,
2026-02-17 17:07:09,dns,youboy.com,cn,True,0,0.001,-1.0,-1.0,-1.0,0.001,0,156.254.65.100,
2026-02-17 17:07:09,dns,zixiaomao.com,cn,True,0,0.068,-1.0,-1.0,-1.0,0.068,0,124.71.175.223,
2026-02-17 17:07:09,dns,feihengip.com,cn,True,0,0.001,-1.0,-1.0,-1.0,0.001,0,feihengip.com.w.kunlunaq.com.,
2026-02-17 17:07:09,dns,mamecn.com,cn,True,0,0.001,-1.0,-1.0,-1.0,0.001,0,121.37.137.193,
2026-02-17 17:07:09,dns,espressif.com,cn,True,0,0.001,-1.0,-1.0,-1.0,0.001,0,3.170.249.46,
2026-02-17 17:07:09,dns,lanzouv.com,cn,True,0,0.001,-1.0,-1.0,-1.0,0.001,0,47.98.19.166,
2026-02-17 17:07:09,dns,gneec7.com,cn,True,0,0.001,-1.0,-1.0,-1.0,0.001,0,154.220.111.253,
2026-02-17 17:07:09,dns,cheyisou.com,cn,True,0,0.028,-1.0,-1.0,-1.0,0.028,0,NOERROR:no-A-record,
2026-02-17 17:07:09,dns,wegameplus.com,cn,True,0,0.001,-1.0,-1.0,-1.0,0.001,0,0.0.0.1,
2026-02-17 17:07:09,dns,5ifund.com,cn,True,0,0.001,-1.0,-1.0,-1.0,0.001,0,122.224.107.239,
2026-02-17 17:07:09,dns,qiniucdn.com,cn,True,0,0.005,-1.0,-1.0,-1.0,0.005,0,NOERROR:no-A-record,
2026-02-17 17:07:09,dns,cloudflareanycast.net,cn,True,0,0.001,-1.0,-1.0,-1.0,0.001,0,122.114.251.130,
2026-02-17 17:07:09,dns,baidupcs.com,cn,True,0,0.001,-1.0,-1.0,-1.0,0.001,0,140.249.34.71,
2026-02-17 17:07:09,dns,soboten.com,cn,True,0,0.001,-1.0,-1.0,-1.0,0.001,0,008d92cd9e58ac3c40bec7e6ea7920bc.qcloudzygj.com.,
2026-02-17 17:07:09,dns,yaolan.com,cn,True,0,0.0,-1.0,-1.0,-1.0,0.0,0,43.248.9.254,
2026-02-17 17:07:09,dns,cup.com.cn,cn,True,0,0.001,-1.0,-1.0,-1.0,0.001,0,cup.com.cn.bsgslb.cn.,
2026-02-17 17:07:09,dns,appinn.com,cn,True,0,0.0,-1.0,-1.0,-1.0,0.0,0,cn.appinn.com.,
2026-02-17 17:07:09,dns,yuanzhiyijiantong.com,cn,True,0,0.04,-1.0,-1.0,-1.0,0.04,0,82.157.9.228,
2026-02-17 17:07:09,dns,oshwhub.com,cn,True,0,0.001,-1.0,-1.0,-1.0,0.001,0,oshwhub.com.1eeb2723.cdnhwcurq03.com.,
2026-02-17 17:07:09,dns,sogou-inc.com,cn,True,0,0.049,-1.0,-1.0,-1.0,0.049,0,NOERROR:no-A-record,
2026-02-17 17:07:09,dns,nuomi.com,cn,True,0,0.005,-1.0,-1.0,-1.0,0.005,0,180.97.34.232,
2026-02-17 17:07:09,dns,fshark.cn,cn,True,0,1.452,-1.0,-1.0,-1.0,1.452,0,NOERROR:no-A-record,
2026-02-17 17:07:09,dns,ucloudstack.cn,cn,True,0,0.02,-1.0,-1.0,-1.0,0.02,0,NOERROR:no-A-record,
2026-02-17 17:07:09,dns,zhlyen.com,cn,True,0,0.001,-1.0,-1.0,-1.0,0.001,0,116.6.121.242,
2026-02-17 17:07:09,dns,jiathis.com,cn,True,0,0.07,-1.0,-1.0,-1.0,0.07,0,172.67.184.213,
2026-02-17 17:07:09,dns,zhiziyun.com,cn,True,0,0.028,-1.0,-1.0,-1.0,0.028,0,106.75.233.251,
2026-02-17 17:07:09,dns,shuidihuzhu.com,cn,True,0,0.0,-1.0,-1.0,-1.0,0.0,0,81.70.60.252,
2026-02-17 17:07:09,dns,qftexpay.cn,cn,True,0,0.063,-1.0,-1.0,-1.0,0.063,0,NOERROR:no-A-record,
2026-02-17 17:07:09,dns,youjiao.com,cn,True,0,0.001,-1.0,-1.0,-1.0,0.001,0,123.57.105.193,
2026-02-17 17:07:09,dns,tidb.net,cn,True,0,0.001,-1.0,-1.0,-1.0,0.001,0,106.75.99.97,
2026-02-17 17:07:09,dns,frp-one.com,cn,True,0,0.0,-1.0,-1.0,-1.0,0.0,0,218.65.97.108,
2026-02-17 17:07:09,dns,loupan.com,cn,True,0,0.0,-1.0,-1.0,-1.0,0.0,0,1.14.234.119,
2026-02-17 17:07:09,dns,xzking.com,cn,True,0,0.0,-1.0,-1.0,-1.0,0.0,0,43.154.166.134,
2026-02-17 17:07:09,dns,oicq88.com,cn,True,0,0.0,-1.0,-1.0,-1.0,0.0,0,183.57.39.236,
2026-02-17 17:07:09,dns,weather.com.cn,cn,True,0,0.005,-1.0,-1.0,-1.0,0.005,0,weather.com.cn.c.cdnhwc1.com.,
2026-02-17 17:07:09,dns,37.com,cn,True,0,0.061,-1.0,-1.0,-1.0,0.061,0,106.55.79.81,
2026-02-17 17:07:09,dns,cctvpro.cn,cn,True,0,2.564,-1.0,-1.0,-1.0,2.564,0,NOERROR:no-A-record,
2026-02-17 17:07:09,dns,huoshanimg.com,cn,True,0,0.0,-1.0,-1.0,-1.0,0.0,0,NOERROR:no-A-record,
2026-02-17 17:07:09,dns,fengimg.com,cn,True,0,0.042,-1.0,-1.0,-1.0,0.042,0,NOERROR:no-A-record,
2026-02-17 17:07:09,dns,500d.me,cn,True,0,0.001,-1.0,-1.0,-1.0,0.001,0,120.24.59.4,
2026-02-17 17:07:09,dns,95306.cn,cn,True,0,0.053,-1.0,-1.0,-1.0,0.053,0,202.173.11.233,
2026-02-17 17:07:09,dns,800bestapp.cn,cn,True,0,0.001,-1.0,-1.0,-1.0,0.001,0,www.800best.com.,
2026-02-17 17:07:09,dns,vip.com,cn,True,0,0.001,-1.0,-1.0,-1.0,0.001,0,14.119.64.131,
2026-02-17 17:07:09,dns,cqliving.com,cn,True,0,0.014,-1.0,-1.0,-1.0,0.014,0,47.98.200.8,
2026-02-17 17:07:09,dns,koocdn.com,cn,True,0,0.046,-1.0,-1.0,-1.0,0.046,0,NOERROR:no-A-record,
2026-02-17 17:07:09,dns,kf5.com,cn,True,0,0.0,-1.0,-1.0,-1.0,0.0,0,39.105.214.87,
2026-02-17 17:07:09,dns,izto.com.cn,cn,True,0,3.009,-1.0,-1.0,-1.0,3.009,0,NOERROR:no-A-record,
2026-02-17 17:07:09,dns,saibo.com,cn,True,0,0.0,-1.0,-1.0,-1.0,0.0,0,saibo.com.eo.dnse0.com.,
2026-02-17 17:07:09,dns,3conline.com,cn,True,0,0.0,-1.0,-1.0,-1.0,0.0,0,183.61.120.23,
2026-02-17 17:07:09,dns,baidubce.com,cn,True,0,0.0,-1.0,-1.0,-1.0,0.0,0,10.58.144.74,
2026-02-17 17:07:09,dns,tiangong.cn,cn,True,0,0.001,-1.0,-1.0,-1.0,0.001,0,alb-589udcyfolgsw4p637.cn-beijing.alb.aliyuncs.com.,
2026-02-17 17:07:09,dns,tianxiajiameng.com,cn,True,0,0.047,-1.0,-1.0,-1.0,0.047,0,NOERROR:no-A-record,
2026-02-17 17:07:09,dns,thinkprinter.net,cn,True,0,0.0,-1.0,-1.0,-1.0,0.0,0,NOERROR:no-A-record,
2026-02-17 17:07:09,dns,lianmishu.com,cn,True,0,0.0,-1.0,-1.0,-1.0,0.0,0,119.28.44.142,
2026-02-17 17:07:09,dns,xsbapp.cn,cn,True,0,0.0,-1.0,-1.0,-1.0,0.0,0,116.62.182.194,
2026-02-17 17:07:09,dns,live800.com,cn,True,0,0.001,-1.0,-1.0,-1.0,0.001,0,47.96.149.237,
2026-02-17 17:07:09,dns,haoso.com,cn,True,0,0.045,-1.0,-1.0,-1.0,0.045,0,so.qss-lb.com.,
2026-02-17 17:07:09,dns,udesk.cn,cn,True,0,0.0,-1.0,-1.0,-1.0,0.0,0,qh0v5f9k22pd7103.aliyunddos1029.com.,
2026-02-17 17:07:09,dns,statickksmg.com,cn,True,0,0.082,-1.0,-1.0,-1.0,0.082,0,NOERROR:no-A-record,
2026-02-17 17:07:09,dns,tianlailive.com,cn,True,0,0.068,-1.0,-1.0,-1.0,0.068,0,NOERROR:no-A-record,
2026-02-17 17:07:09,dns,youxiputao.com,cn,True,0,0.001,-1.0,-1.0,-1.0,0.001,0,youxiputao.com.s.sxldns.com.,
2026-02-17 17:07:09,dns,cgames.com,cn,True,0,0.001,-1.0,-1.0,-1.0,0.001,0,106.14.251.215,
2026-02-17 17:07:09,dns,yuweikuijianzhan.com,cn,True,0,0.0,-1.0,-1.0,-1.0,0.0,0,NOERROR:no-A-record,
2026-02-17 17:07:09,dns,chaoxing.com,cn,True,0,0.001,-1.0,-1.0,-1.0,0.001,0,140.210.88.44,
2026-02-17 17:07:09,dns,huaweiapaas.com,cn,True,0,0.001,-1.0,-1.0,-1.0,0.001,0,114.116.229.5,
2026-02-17 17:07:09,dns,qtmojo.com,cn,True,0,1.634,-1.0,-1.0,-1.0,1.634,0,NOERROR:no-A-record,
2026-02-17 17:07:09,dns,baihe.com,cn,True,0,0.023,-1.0,-1.0,-1.0,0.023,0,81.70.61.75,
2026-02-17 17:07:09,dns,hqpcb.com,cn,True,0,0.001,-1.0,-1.0,-1.0,0.001,0,14.215.130.203,
2026-02-17 17:07:09,dns,officese.com,cn,True,0,0.034,-1.0,-1.0,-1.0,0.034,0,officese.com.a1.inituu.com.,
2026-02-17 17:07:09,dns,dfham.com,cn,True,0,0.001,-1.0,-1.0,-1.0,0.001,0,101.230.75.8,
2026-02-17 17:07:09,dns,pinduoduo.com,cn,True,0,0.003,-1.0,-1.0,-1.0,0.003,0,150.158.224.195,
2026-02-17 17:07:09,dns,qishuimusic.com.cn,cn,True,0,0.001,-1.0,-1.0,-1.0,0.001,0,NOERROR:no-A-record,
2026-02-17 17:07:09,dns,zggbdszt.net.cn,cn,True,0,0.776,-1.0,-1.0,-1.0,0.776,0,NOERROR:no-A-record,
2026-02-17 17:07:09,dns,ctgcdn.com,cn,True,0,0.001,-1.0,-1.0,-1.0,0.001,0,NOERROR:no-A-record,
2026-02-17 17:07:09,dns,erp321.com,cn,True,0,0.077,-1.0,-1.0,-1.0,0.077,0,ehlhsaj0zefjkq76qgfjykzojqcdebyi.yundunwaf1.com.,
2026-02-17 17:07:09,dns,easytomessage.com,cn,True,0,0.001,-1.0,-1.0,-1.0,0.001,0,NOERROR:no-A-record,
2026-02-17 17:07:09,dns,ucloudstor.com,cn,True,0,0.063,-1.0,-1.0,-1.0,0.063,0,NOERROR:no-A-record,
2026-02-17 17:07:09,dns,dxzq.net,cn,True,0,0.0,-1.0,-1.0,-1.0,0.0,0,NOERROR:no-A-record,
2026-02-17 17:07:09,dns,csdn.net,cn,True,0,0.001,-1.0,-1.0,-1.0,0.001,0,124.70.25.132,
2026-02-17 17:07:09,dns,fhyx.com,cn,True,0,0.02,-1.0,-1.0,-1.0,0.02,0,47.118.170.133,
2026-02-17 17:07:09,dns,cloudflarestoragegw.com,cn,True,0,0.001,-1.0,-1.0,-1.0,0.001,0,122.114.89.161,
2026-02-17 17:07:09,dns,jsctyiptv.cn,cn,True,0,3.01,-1.0,-1.0,-1.0,3.01,0,NOERROR:no-A-record,
2026-02-17 17:07:09,dns,suning.com,cn,True,0,0.001,-1.0,-1.0,-1.0,0.001,0,218.2.112.234,
2026-02-17 17:07:09,dns,lenovocust.cn,cn,True,0,0.118,-1.0,-1.0,-1.0,0.118,0,NOERROR:no-A-record,
2026-02-17 17:07:09,dns,huoshanvod.com,cn,True,0,0.069,-1.0,-1.0,-1.0,0.069,0,NOERROR:no-A-record,
2026-02-17 17:07:09,dns,gsctyiptv.cn,cn,True,0,0.051,-1.0,-1.0,-1.0,0.051,0,NOERROR:no-A-record,
2026-02-17 17:07:09,dns,study360.com.cn,cn,True,0,0.093,-1.0,-1.0,-1.0,0.093,0,NOERROR:no-A-record,
2026-02-17 17:07:09,dns,sogou-op.org,cn,True,0,0.042,-1.0,-1.0,-1.0,0.042,0,NOERROR:no-A-record,
2026-02-17 17:07:09,dns,izto.com,cn,True,0,0.0,-1.0,-1.0,-1.0,0.0,0,115.231.25.233,
2026-02-17 17:07:09,dns,airitilibrary.cn,cn,True,0,0.001,-1.0,-1.0,-1.0,0.001,0,103.242.173.18,
2026-02-17 17:07:09,dns,12306.cn,cn,True,0,0.001,-1.0,-1.0,-1.0,0.001,0,12306.cn.wsglb0.com.,
2026-02-17 17:07:09,dns,yxbao.com,cn,True,0,0.001,-1.0,-1.0,-1.0,0.001,0,1.94.129.34,
2026-02-17 17:07:09,dns,aiqicha.cn,cn,True,0,0.071,-1.0,-1.0,-1.0,0.071,0,157.0.146.79,
2026-02-17 17:07:09,dns,kuaishou.com,cn,True,0,0.005,-1.0,-1.0,-1.0,0.005,0,103.102.202.106,
2026-02-17 17:07:09,dns,jlcdfm.com,cn,True,0,0.282,-1.0,-1.0,-1.0,0.282,0,jlcdfm.com.edgesuite.net.,
2026-02-17 17:07:09,dns,xunlei.com,cn,True,0,0.001,-1.0,-1.0,-1.0,0.001,0,112.124.227.84,
2026-02-17 17:07:09,dns,wowsgame.cn,cn,True,0,0.001,-1.0,-1.0,-1.0,0.001,0,8.133.125.116,
2026-02-17 17:07:09,dns,meiwulist.com,cn,True,0,0.05,-1.0,-1.0,-1.0,0.05,0,123.56.226.103,
2026-02-17 17:07:09,dns,cctvpic.com,cn,True,0,0.025,-1.0,-1.0,-1.0,0.025,0,g7.ctc.cctvcdn.net.lxdns.com.,
2026-02-17 17:07:09,dns,ytoluohan.net,cn,True,0,0.032,-1.0,-1.0,-1.0,0.032,0,NOERROR:no-A-record,
2026-02-17 17:07:09,dns,vsread.com,cn,True,0,0.053,-1.0,-1.0,-1.0,0.053,0,NOERROR:no-A-record,
2026-02-17 17:07:09,dns,zdmimg.com,cn,True,0,0.001,-1.0,-1.0,-1.0,0.001,0,6e646930a6f94b42700fe11a4465c77a.qcloudwzgj.com.,
2026-02-17 17:07:09,dns,ytocargo.com,cn,True,0,0.076,-1.0,-1.0,-1.0,0.076,0,NOERROR:no-A-record,
2026-02-17 17:07:09,dns,caiyunai.com,cn,True,0,0.001,-1.0,-1.0,-1.0,0.001,0,47.103.132.209,
2026-02-17 17:07:09,dns,eduei.com,cn,True,0,0.001,-1.0,-1.0,-1.0,0.001,0,60.205.185.37,
2026-02-17 17:07:09,dns,ssreader.cn,cn,True,0,0.077,-1.0,-1.0,-1.0,0.077,0,NOERROR:no-A-record,
2026-02-17 17:07:09,dns,likuso.com,cn,True,0,0.055,-1.0,-1.0,-1.0,0.055,0,123.60.18.51,
2026-02-17 17:07:09,dns,aki-game.com,cn,True,0,0.018,-1.0,-1.0,-1.0,0.018,0,106.14.182.151,
2026-02-17 17:07:09,dns,eolink.com,cn,True,0,0.0,-1.0,-1.0,-1.0,0.0,0,106.14.18.122,
2026-02-17 17:07:09,dns,cowcs.com,cn,True,0,0.025,-1.0,-1.0,-1.0,0.025,0,116.62.182.194,
2026-02-17 17:07:09,dns,99fund.com,cn,True,0,0.021,-1.0,-1.0,-1.0,0.021,0,103.192.212.27,
2026-02-17 17:07:09,dns,motieimg.com,cn,True,0,0.03,-1.0,-1.0,-1.0,0.03,0,NOERROR:no-A-record,
2026-02-17 17:07:09,dns,ymtc.com,cn,True,0,0.029,-1.0,-1.0,-1.0,0.029,0,116.211.58.125,
2026-02-17 17:07:09,dns,zimuzu.io,cn,True,0,0.066,-1.0,-1.0,-1.0,0.066,0,172.237.146.8,
2026-02-17 17:07:09,dns,gfbzb.cn,cn,True,0,0.06,-1.0,-1.0,-1.0,0.06,0,NOERROR:no-A-record,
2026-02-17 17:07:09,dns,onegreen.net,cn,True,0,0.059,-1.0,-1.0,-1.0,0.059,0,101.43.243.223,
2026-02-17 17:07:09,dns,yximg.cn,cn,True,0,0.001,-1.0,-1.0,-1.0,0.001,0,0.0.0.1,
2026-02-17 17:07:09,dns,houyuantuan.com,cn,True,0,0.001,-1.0,-1.0,-1.0,0.001,0,208.98.40.209,
2026-02-17 17:07:09,dns,dingdatech.com,cn,True,0,0.001,-1.0,-1.0,-1.0,0.001,0,NOERROR:no-A-record,
2026-02-17 17:07:09,dns,fengkongcloud.cn,cn,True,0,0.001,-1.0,-1.0,-1.0,0.001,0,139.199.125.115,
2026-02-17 17:07:09,dns,qtlcdn.cn,cn,True,0,0.072,-1.0,-1.0,-1.0,0.072,0,NOERROR:no-A-record,
2026-02-17 17:07:09,dns,lxdns.cn,cn,True,0,0.913,-1.0,-1.0,-1.0,0.913,0,NOERROR:no-A-record,
2026-02-17 17:07:09,dns,incopat.com,cn,True,0,0.0,-1.0,-1.0,-1.0,0.0,0,119.254.158.195,
2026-02-17 17:07:09,dns,xn--owtw8cc49ajfl.cn,cn,True,0,0.099,-1.0,-1.0,-1.0,0.099,0,0.0.0.1,
2026-02-17 17:07:09,dns,maisanqi.com,cn,True,0,0.112,-1.0,-1.0,-1.0,0.112,0,maisanqi.com.cdn.dnsv1.com.,
2026-02-17 17:07:09,dns,tpyzq.com,cn,True,0,0.054,-1.0,-1.0,-1.0,0.054,0,NOERROR:no-A-record,
2026-02-17 17:07:09,dns,mypaas.com,cn,True,0,0.0,-1.0,-1.0,-1.0,0.0,0,203.107.45.167,
2026-02-17 17:07:09,dns,123juzi.net,cn,True,0,0.019,-1.0,-1.0,-1.0,0.019,0,NOERROR:no-A-record,
2026-02-17 17:07:39,dns,jb51.com,cn,True,0,0.18,-1.0,-1.0,-1.0,0.18,0,jb51.com.wswebcdn.com.,
2026-02-17 17:07:39,dns,heisha.net,cn,True,0,0.0,-1.0,-1.0,-1.0,0.0,0,47.107.101.184,
2026-02-17 17:07:39,dns,webmasterhome.cn,cn,True,0,0.023,-1.0,-1.0,-1.0,0.023,0,125.90.93.11,
2026-02-17 17:07:39,dns,acetaffy.club,cn,True,0,0.001,-1.0,-1.0,-1.0,0.001,0,acetaffy.club.cdn.dnsv1.com.cn.,
2026-02-17 17:07:39,dns,uzero.cn,cn,True,0,0.001,-1.0,-1.0,-1.0,0.001,0,47.96.23.140,
2026-02-17 17:07:39,dns,xiazaiba.com,cn,True,0,0.001,-1.0,-1.0,-1.0,0.001,0,NOERROR:no-A-record,
2026-02-17 17:07:39,dns,singworld.net,cn,True,0,0.0,-1.0,-1.0,-1.0,0.0,0,14.119.109.232,
2026-02-17 17:07:39,dns,cqccn.com,cn,True,0,0.056,-1.0,-1.0,-1.0,0.056,0,NOERROR:no-A-record,
2026-02-17 17:07:39,dns,hexin.cn,cn,True,0,0.056,-1.0,-1.0,-1.0,0.056,0,122.224.107.239,
2026-02-17 17:07:39,dns,uucl.vip,cn,True,0,0.067,-1.0,-1.0,-1.0,0.067,0,117.50.155.114,
2026-02-17 17:07:39,dns,xue51.com,cn,True,0,0.001,-1.0,-1.0,-1.0,0.001,0,xue51.com.a1.initaf.com.,
2026-02-17 17:07:39,dns,jsurvey.cn,cn,True,0,0.051,-1.0,-1.0,-1.0,0.051,0,NOERROR:no-A-record,
2026-02-17 17:07:39,dns,mojidict.com,cn,True,0,0.067,-1.0,-1.0,-1.0,0.067,0,104.21.78.218,
2026-02-17 17:07:39,dns,lascn.net,cn,True,0,0.001,-1.0,-1.0,-1.0,0.001,0,211.147.240.51,
2026-02-17 17:07:39,dns,szlcsc.com,cn,True,0,0.002,-1.0,-1.0,-1.0,0.002,0,alb-xute19hmkvvmfo8iir.cn-shenzhen.alb.aliyuncs.com.,
2026-02-17 17:07:39,dns,kujiang.com,cn,True,0,0.001,-1.0,-1.0,-1.0,0.001,0,120.26.168.102,
2026-02-17 17:07:39,dns,gracg.com,cn,True,0,0.002,-1.0,-1.0,-1.0,0.002,0,gracg.com.w.kunlunaq.com.,
2026-02-17 17:07:39,dns,wsdvs.com,cn,True,0,0.085,-1.0,-1.0,-1.0,0.085,0,NOERROR:no-A-record,
2026-02-17 17:07:39,dns,xn0.cc,cn,True,0,0.067,-1.0,-1.0,-1.0,0.067,0,NOERROR:no-A-record,
2026-02-17 17:07:39,dns,saasops.tech,cn,True,0,0.001,-1.0,-1.0,-1.0,0.001,0,NOERROR:no-A-record,
2026-02-17 17:07:39,dns,wohst8.com,cn,True,0,2.922,-1.0,-1.0,-1.0,2.922,0,NOERROR:no-A-record,
2026-02-17 17:07:39,dns,ddxq.mobi,cn,True,0,0.048,-1.0,-1.0,-1.0,0.048,0,124.70.164.244,
2026-02-17 17:07:39,dns,amemv.net,cn,True,0,0.045,-1.0,-1.0,-1.0,0.045,0,NOERROR:no-A-record,
2026-02-17 17:07:39,dns,youzanyun.com,cn,True,0,0.001,-1.0,-1.0,-1.0,0.001,0,scheduler-au17ixpi.youzan.com.,
2026-02-17 17:07:39,dns,douyincdn.com,cn,True,0,0.006,-1.0,-1.0,-1.0,0.006,0,NOERROR:no-A-record,
2026-02-17 17:07:39,dns,zhiye.com,cn,True,0,0.001,-1.0,-1.0,-1.0,0.001,0,59.110.1.56,
2026-02-17 17:07:39,dns,cpppf.org,cn,True,0,0.001,-1.0,-1.0,-1.0,0.001,0,8.146.205.151,
2026-02-17 17:07:39,dns,4399mail.com,cn,True,0,0.067,-1.0,-1.0,-1.0,0.067,0,NOERROR:no-A-record,
2026-02-17 17:07:39,dns,hikmall.com,cn,True,0,0.001,-1.0,-1.0,-1.0,0.001,0,203.107.60.192,
2026-02-17 17:07:39,dns,huoshangroup.com,cn,True,0,2.898,-1.0,-1.0,-1.0,2.898,0,NOERROR:no-A-record,
2026-02-17 17:07:39,dns,ykzq.com,cn,True,0,0.0,-1.0,-1.0,-1.0,0.0,0,gtm-cn-i7m2algxa0h.ykzq.com.,
2026-02-17 17:07:39,dns,39.net,cn,True,0,0.046,-1.0,-1.0,-1.0,0.046,0,115.231.220.253,
2026-02-17 17:07:39,dns,eeyy.com,cn,True,0,0.038,-1.0,-1.0,-1.0,0.038,0,NOERROR:no-A-record,
2026-02-17 17:07:39,dns,3yx.com,cn,True,0,0.003,-1.0,-1.0,-1.0,0.003,0,115.29.144.183,
2026-02-17 17:07:39,dns,chesicc.cn,cn,True,0,0.001,-1.0,-1.0,-1.0,0.001,0,NOERROR:no-A-record,
2026-02-17 17:07:39,dns,kugou.com,cn,True,0,0.001,-1.0,-1.0,-1.0,0.001,0,49.7.106.144,
2026-02-17 17:07:39,dns,yfcdn.net,cn,True,0,0.034,-1.0,-1.0,-1.0,0.034,0,NOERROR:no-A-record,
2026-02-17 17:07:39,dns,xjietiao.com,cn,True,0,0.001,-1.0,-1.0,-1.0,0.001,0,www.xjietiao.com.,
2026-02-17 17:07:39,dns,smgbb.cn,cn,True,0,0.062,-1.0,-1.0,-1.0,0.062,0,NOERROR:no-A-record,
2026-02-17 17:07:39,dns,wegame.com,cn,True,0,0.001,-1.0,-1.0,-1.0,0.001,0,183.61.32.63,
2026-02-17 17:07:39,dns,ihuman.com,cn,True,0,0.001,-1.0,-1.0,-1.0,0.001,0,81.70.21.224,
2026-02-17 17:07:39,dns,soufunimg.com,cn,True,0,0.0,-1.0,-1.0,-1.0,0.0,0,124.251.47.97,
2026-02-17 17:07:39,dns,linakesi.com,cn,True,0,0.001,-1.0,-1.0,-1.0,0.001,0,203.195.200.133,
2026-02-17 17:07:39,dns,chinadsl.net,cn,True,0,0.001,-1.0,-1.0,-1.0,0.001,0,dns.369110.xyz.,
2026-02-17 17:07:39,dns,anticheatexpert.com,cn,True,0,0.0,-1.0,-1.0,-1.0,0.0,0,www.anticheatexpert.com.,
2026-02-17 17:07:39,dns,yaozh.com,cn,True,0,0.002,-1.0,-1.0,-1.0,0.002,0,113.249.104.112,
2026-02-17 17:07:39,dns,zdns.net.cn,cn,True,0,0.001,-1.0,-1.0,-1.0,0.001,0,202.173.15.158,
2026-02-17 17:07:39,dns,webterren.com,cn,True,0,0.013,-1.0,-1.0,-1.0,0.013,0,47.98.177.31,
2026-02-17 17:07:39,dns,gwdang.com,cn,True,0,0.0,-1.0,-1.0,-1.0,0.0,0,221.122.98.248,
2026-02-17 17:07:39,dns,dzwww.com,cn,True,0,0.001,-1.0,-1.0,-1.0,0.001,0,dzwww.com.wswebcdn.com.,
2026-02-17 17:07:39,dns,mogoo.com,cn,True,0,0.0,-1.0,-1.0,-1.0,0.0,0,203.107.45.167,
2026-02-17 17:07:39,dns,sfgy.org,cn,True,0,0.0,-1.0,-1.0,-1.0,0.0,0,119.29.125.205,
2026-02-17 17:07:39,dns,ctxcdn.cn,cn,True,0,0.055,-1.0,-1.0,-1.0,0.055,0,NOERROR:no-A-record,
2026-02-17 17:07:39,dns,jlcfa.com,cn,True,0,0.018,-1.0,-1.0,-1.0,0.018,0,alb-ajk967dvek5crwb4k9.cn-shenzhen.alb.aliyuncs.com.,
2026-02-17 17:07:39,dns,51togic.com,cn,True,0,0.07,-1.0,-1.0,-1.0,0.07,0,180.163.29.38,
2026-02-17 17:07:39,dns,te5.com,cn,True,0,0.001,-1.0,-1.0,-1.0,0.001,0,180.76.184.124,
2026-02-17 17:07:39,dns,a2z.org.cn,cn,True,0,0.001,-1.0,-1.0,-1.0,0.001,0,NOERROR:no-A-record,
2026-02-17 17:07:39,dns,youboy.com,cn,True,0,0.001,-1.0,-1.0,-1.0,0.001,0,156.254.65.100,
2026-02-17 17:07:39,dns,tencentcloud.com,cn,True,0,0.0,-1.0,-1.0,-1.0,0.0,0,tencentcloud.com.eo.dnse3.com.,
2026-02-17 17:07:39,dns,ydamc.com,cn,True,0,0.002,-1.0,-1.0,-1.0,0.002,0,NOERROR:no-A-record,
2026-02-17 17:07:39,dns,ykimg.com,cn,True,0,0.001,-1.0,-1.0,-1.0,0.001,0,59.82.29.139,
2026-02-17 17:07:39,dns,lxdns.org,cn,True,0,0.074,-1.0,-1.0,-1.0,0.074,0,NOERROR:no-A-record,
2026-02-17 17:07:39,dns,isxtv.com,cn,True,0,0.0,-1.0,-1.0,-1.0,0.0,0,isxtv.gotoip1.com.,
2026-02-17 17:07:39,dns,wlzq.cn,cn,True,0,0.055,-1.0,-1.0,-1.0,0.055,0,121.14.20.93,
2026-02-17 17:07:39,dns,hx168.com.cn,cn,True,0,0.0,-1.0,-1.0,-1.0,0.0,0,119.4.167.178,
2026-02-17 17:07:39,dns,battlecare.net,cn,True,0,0.051,-1.0,-1.0,-1.0,0.051,0,NOERROR:no-A-record,
2026-02-17 17:07:39,dns,ntp2.aliyun.com,cn,True,0,0.001,-1.0,-1.0,-1.0,0.001,0,time.local.,
2026-02-17 17:07:39,dns,vip.com,cn,True,0,0.0,-1.0,-1.0,-1.0,0.0,0,14.119.64.131,
2026-02-17 17:07:39,dns,jintdev.com,cn,True,0,0.024,-1.0,-1.0,-1.0,0.024,0,218.108.6.187,
2026-02-17 17:07:39,dns,zzdtec.com,cn,True,0,0.002,-1.0,-1.0,-1.0,0.002,0,NOERROR:no-A-record,
2026-02-17 17:07:39,dns,qiancangwms.com,cn,True,0,0.001,-1.0,-1.0,-1.0,0.001,0,47.111.97.61,
2026-02-17 17:07:39,dns,ctsbw.com,cn,True,0,0.001,-1.0,-1.0,-1.0,0.001,0,104.21.90.95,
2026-02-17 17:07:39,dns,tuniu.com,cn,True,0,0.0,-1.0,-1.0,-1.0,0.0,0,180.97.6.14,
2026-02-17 17:07:39,dns,z-bank.com,cn,True,0,0.0,-1.0,-1.0,-1.0,0.0,0,113.57.130.100,
2026-02-17 17:07:39,dns,kurogames.com,cn,True,0,0.001,-1.0,-1.0,-1.0,0.001,0,106.14.182.151,
2026-02-17 17:07:39,dns,baidufree.com,cn,True,0,0.0,-1.0,-1.0,-1.0,0.0,0,NOERROR:no-A-record,
2026-02-17 17:07:39,dns,expreview.com,cn,True,0,0.001,-1.0,-1.0,-1.0,0.001,0,n6tbmh58.tsyexmail.com.,
2026-02-17 17:07:39,dns,szse.cn,cn,True,0,0.0,-1.0,-1.0,-1.0,0.0,0,113.108.107.138,
2026-02-17 17:07:39,dns,cugbonline.cn,cn,True,0,0.055,-1.0,-1.0,-1.0,0.055,0,NOERROR:no-A-record,
2026-02-17 17:07:39,dns,5054399.net,cn,True,0,0.017,-1.0,-1.0,-1.0,0.017,0,119.147.161.54,
2026-02-17 17:07:39,dns,hnacargo.com,cn,True,0,0.001,-1.0,-1.0,-1.0,0.001,0,hnacargo.com.cdn30.com.,
2026-02-17 17:07:39,dns,gree.com.cn,cn,True,0,0.0,-1.0,-1.0,-1.0,0.0,0,116.6.118.180,
2026-02-17 17:07:39,dns,deepseek.com,cn,True,0,0.019,-1.0,-1.0,-1.0,0.019,0,60.204.2.5,
2026-02-17 17:07:39,dns,igetget.cn,cn,True,0,0.0,-1.0,-1.0,-1.0,0.0,0,8.140.111.29,
2026-02-17 17:07:39,dns,jlc-drm.com,cn,True,0,0.0,-1.0,-1.0,-1.0,0.0,0,alb-ajk967dvek5crwb4k9.cn-shenzhen.alb.aliyuncs.com.,
2026-02-17 17:07:39,dns,jlccnc.com,cn,True,0,0.146,-1.0,-1.0,-1.0,0.146,0,jlccnc.com.edgesuite.net.,
2026-02-17 17:07:39,dns,ruguoapp.com,cn,True,0,0.0,-1.0,-1.0,-1.0,0.0,0,47.99.112.78,
2026-02-17 17:07:39,dns,sl916.com,cn,True,0,0.001,-1.0,-1.0,-1.0,0.001,0,sl916.com.eo.dnse2.com.,
2026-02-17 17:07:39,dns,duapp.com,cn,True,0,0.001,-1.0,-1.0,-1.0,0.001,0,180.149.132.118,
2026-02-17 17:07:39,dns,yxhapi.com,cn,True,0,0.042,-1.0,-1.0,-1.0,0.042,0,NOERROR:no-A-record,
2026-02-17 17:07:39,dns,agoraio.cn,cn,True,0,0.0,-1.0,-1.0,-1.0,0.0,0,47.100.196.169,
2026-02-17 17:07:39,dns,360.net,cn,True,0,0.041,-1.0,-1.0,-1.0,0.041,0,61.172.185.36,
2026-02-17 17:07:39,dns,huoshan.com,cn,True,0,0.0,-1.0,-1.0,-1.0,0.0,0,122.14.229.112,
2026-02-17 17:07:39,dns,nowscore.com,cn,True,0,0.018,-1.0,-1.0,-1.0,0.018,0,61.143.225.80,
2026-02-17 17:07:39,dns,n.cn,cn,True,0,0.001,-1.0,-1.0,-1.0,0.001,0,36.99.172.190,
2026-02-17 17:07:39,dns,jtexpress.cn,cn,True,0,0.001,-1.0,-1.0,-1.0,0.001,0,jtexpress.cn.w.cdngslb.com.,
2026-02-17 17:07:39,dns,wcbygame.com,cn,True,0,0.025,-1.0,-1.0,-1.0,0.025,0,NOERROR:no-A-record,
2026-02-17 17:07:39,dns,zampdsp.com,cn,True,0,0.024,-1.0,-1.0,-1.0,0.024,0,NOERROR:no-A-record,
2026-02-17 17:07:39,dns,360panyun.cn,cn,True,0,0.071,-1.0,-1.0,-1.0,0.071,0,NOERROR:no-A-record,
2026-02-17 17:07:39,dns,guoguo-app.com,cn,True,0,0.05,-1.0,-1.0,-1.0,0.05,0,NOERROR:no-A-record,
2026-02-17 17:07:39,dns,cthcdn.cn,cn,True,0,0.001,-1.0,-1.0,-1.0,0.001,0,NOERROR:no-A-record,
2026-02-17 17:07:39,dns,weavatar.com,cn,True,0,0.001,-1.0,-1.0,-1.0,0.001,0,weavatar.com.eo.dnse0.com.,
2026-02-17 17:07:39,dns,welltrend-edu.com,cn,True,0,0.158,-1.0,-1.0,-1.0,0.158,0,107.151.102.219,
2026-02-17 17:07:39,dns,frp-key.com,cn,True,0,0.001,-1.0,-1.0,-1.0,0.001,0,220.194.103.184,
2026-02-17 17:07:39,dns,maisanqi.com,cn,True,0,0.0,-1.0,-1.0,-1.0,0.0,0,maisanqi.com.cdn.dnsv1.com.,
2026-02-17 17:07:39,dns,4thworkshop.com,cn,True,0,0.0,-1.0,-1.0,-1.0,0.0,0,154.194.154.169,
2026-02-17 17:07:39,dns,123952.com,cn,True,0,0.0,-1.0,-1.0,-1.0,0.0,0,NOERROR:no-A-record,
2026-02-17 17:07:39,dns,frp-dog.com,cn,True,0,0.046,-1.0,-1.0,-1.0,0.046,0,119.84.246.231,
2026-02-17 17:07:39,dns,dayin8.com,cn,True,0,0.013,-1.0,-1.0,-1.0,0.013,0,NOERROR:no-A-record,
2026-02-17 17:07:39,dns,ip-cdn.com,cn,True,0,0.0,-1.0,-1.0,-1.0,0.0,0,154.216.39.36,
2026-02-17 17:07:39,dns,cns.com.cn,cn,True,0,0.047,-1.0,-1.0,-1.0,0.047,0,NOERROR:no-A-record,
2026-02-17 17:07:39,dns,xkw.com,cn,True,0,0.019,-1.0,-1.0,-1.0,0.019,0,bjtlutwgexbbgdlx3rdvqrvecgdzerh1.yundunwaf3.com.,
2026-02-17 17:07:39,dns,998.com,cn,True,0,0.024,-1.0,-1.0,-1.0,0.024,0,212.129.231.171,
2026-02-17 17:07:39,dns,extfans.com,cn,True,0,0.04,-1.0,-1.0,-1.0,0.04,0,NOERROR:no-A-record,
2026-02-17 17:07:39,dns,thundercdn.com,cn,True,0,0.021,-1.0,-1.0,-1.0,0.021,0,NOERROR:no-A-record,
2026-02-17 17:07:39,dns,xuanchuanyi.com,cn,True,0,0.169,-1.0,-1.0,-1.0,0.169,0,104.160.190.62,
2026-02-17 17:07:39,dns,youxituoluo.com,cn,True,0,0.001,-1.0,-1.0,-1.0,0.001,0,youxituoluo.com.w.kunlunpi.com.,
2026-02-17 17:07:39,dns,homeinns.com,cn,True,0,0.022,-1.0,-1.0,-1.0,0.022,0,116.228.218.2,
2026-02-17 17:07:39,dns,hdfimg.com,cn,True,0,0.017,-1.0,-1.0,-1.0,0.017,0,NOERROR:no-A-record,
2026-02-17 17:07:39,dns,dxzq.net,cn,True,0,0.0,-1.0,-1.0,-1.0,0.0,0,NOERROR:no-A-record,
2026-02-17 17:07:39,dns,ctdns.com.cn,cn,True,0,1.661,-1.0,-1.0,-1.0,1.661,0,NOERROR:no-A-record,
2026-02-17 17:07:39,dns,bankcomm.com,cn,True,0,0.005,-1.0,-1.0,-1.0,0.005,0,124.74.244.2,
2026-02-17 17:07:39,dns,sf-cityrush.com,cn,True,0,0.0,-1.0,-1.0,-1.0,0.0,0,175.24.251.201,
2026-02-17 17:07:39,dns,cftest5.cn,cn,True,0,0.001,-1.0,-1.0,-1.0,0.001,0,122.114.89.161,
2026-02-17 17:07:39,dns,nihaorwanda.cn,cn,True,0,0.066,-1.0,-1.0,-1.0,0.066,0,NOERROR:no-A-record,
2026-02-17 17:07:39,dns,huocheso.com,cn,True,0,0.0,-1.0,-1.0,-1.0,0.0,0,38.46.13.243,
2026-02-17 17:07:39,dns,gfbzb.com,cn,True,0,0.048,-1.0,-1.0,-1.0,0.048,0,NOERROR:no-A-record,
2026-02-17 17:07:39,dns,phpweblog.net,cn,True,0,0.085,-1.0,-1.0,-1.0,0.085,0,47.97.166.246,
2026-02-17 17:07:39,dns,bcfmglobal.com,cn,True,0,0.049,-1.0,-1.0,-1.0,0.049,0,NOERROR:no-A-record,
2026-02-17 17:07:39,dns,guanyierp.com,cn,True,0,0.019,-1.0,-1.0,-1.0,0.019,0,39.98.97.195,
2026-02-17 17:07:39,dns,jvcsmart.com.cn,cn,True,0,0.0,-1.0,-1.0,-1.0,0.0,0,NOERROR:no-A-record,
2026-02-17 17:07:39,dns,ctzcdn.cn,cn,True,0,0.052,-1.0,-1.0,-1.0,0.052,0,NOERROR:no-A-record,
2026-02-17 17:07:39,dns,cnb.cool,cn,True,0,0.0,-1.0,-1.0,-1.0,0.0,0,114.132.192.93,
2026-02-17 17:07:39,dns,51sole.com,cn,True,0,0.02,-1.0,-1.0,-1.0,0.02,0,115.175.225.87,
2026-02-17 17:07:39,dns,500.com,cn,True,0,0.001,-1.0,-1.0,-1.0,0.001,0,120.46.84.164,
2026-02-17 17:07:39,dns,supercachenode.com,cn,True,0,0.031,-1.0,-1.0,-1.0,0.031,0,NOERROR:no-A-record,
2026-02-17 17:07:39,dns,chinalawedu.com,cn,True,0,0.0,-1.0,-1.0,-1.0,0.0,0,122.11.32.43,
2026-02-17 17:07:39,dns,lxzjjt.cn,cn,True,0,0.05,-1.0,-1.0,-1.0,0.05,0,NOERROR:no-A-record,
2026-02-17 17:07:39,dns,jzfz.net,cn,True,0,0.001,-1.0,-1.0,-1.0,0.001,0,jzfz.net.luo48.faipod.com.,
2026-02-17 17:07:39,dns,mybank.cn,cn,True,0,0.042,-1.0,-1.0,-1.0,0.042,0,119.42.247.138,
2026-02-17 17:07:39,dns,codm.com,cn,True,0,0.001,-1.0,-1.0,-1.0,0.001,0,codm.com.cloud.tc.qq.com.,
2026-02-17 17:07:39,dns,kongfz.com,cn,True,0,0.0,-1.0,-1.0,-1.0,0.0,0,43.144.130.39,
2026-02-17 17:07:39,dns,hangjiayun.com,cn,True,0,0.001,-1.0,-1.0,-1.0,0.001,0,47.110.233.60,
2026-02-17 17:07:39,dns,123u.com,cn,True,0,0.109,-1.0,-1.0,-1.0,0.109,0,0f34065ed3ad5f8a744d4bde44439808.qcloudcjgj.com.,
2026-02-17 17:07:39,dns,qqgexingqianming.com,cn,True,0,0.044,-1.0,-1.0,-1.0,0.044,0,NOERROR:no-A-record,
2026-02-17 17:07:39,dns,weiphone.net,cn,True,0,0.0,-1.0,-1.0,-1.0,0.0,0,NOERROR:no-A-record,
2026-02-17 17:07:39,dns,eayyou.com,cn,True,0,0.0,-1.0,-1.0,-1.0,0.0,0,101.35.22.216,
2026-02-17 17:07:39,dns,funshion.net,cn,True,0,0.0,-1.0,-1.0,-1.0,0.0,0,118.194.104.10,
2026-02-17 17:07:39,dns,ssvideo.cn,cn,True,0,0.066,-1.0,-1.0,-1.0,0.066,0,NOERROR:no-A-record,
2026-02-17 17:07:39,dns,68h5.com,cn,True,0,0.024,-1.0,-1.0,-1.0,0.024,0,NOERROR:no-A-record,
2026-02-17 17:07:39,dns,123842.com,cn,True,0,0.066,-1.0,-1.0,-1.0,0.066,0,NOERROR:no-A-record,
2026-02-17 17:07:39,dns,autohome.com.cn,cn,True,0,0.001,-1.0,-1.0,-1.0,0.001,0,124.250.78.6,
2026-02-17 17:07:39,dns,gcable.com.cn,cn,True,0,0.076,-1.0,-1.0,-1.0,0.076,0,NOERROR:no-A-record,
2026-02-17 17:07:39,dns,itellyou.cn,cn,True,0,0.0,-1.0,-1.0,-1.0,0.0,0,211.149.229.113,
2026-02-17 17:07:39,dns,afdian.com,cn,True,0,0.001,-1.0,-1.0,-1.0,0.001,0,43.135.100.81,
2026-02-17 17:07:39,dns,qznovelvod.com,cn,True,0,0.052,-1.0,-1.0,-1.0,0.052,0,NOERROR:no-A-record,
2026-02-17 17:07:39,dns,chinesemooc.org,cn,True,0,0.0,-1.0,-1.0,-1.0,0.0,0,8.141.95.178,
2026-02-17 17:07:39,dns,bdydns.com,cn,True,0,0.042,-1.0,-1.0,-1.0,0.042,0,NOERROR:no-A-record,
2026-02-17 17:07:39,dns,jugongdan.com,cn,True,0,0.051,-1.0,-1.0,-1.0,0.051,0,NOERROR:no-A-record,
2026-02-17 17:07:39,dns,uonline-sh.com,cn,True,0,0.001,-1.0,-1.0,-1.0,0.001,0,122.112.16.180,
2026-02-17 17:07:39,dns,iscas.ac.cn,cn,True,0,0.0,-1.0,-1.0,-1.0,0.0,0,NOERROR:no-A-record,
2026-02-17 17:07:39,dns,055110.com,cn,True,0,0.001,-1.0,-1.0,-1.0,0.001,0,120.27.156.247,
2026-02-17 17:07:39,dns,tencent-cloud.com,cn,True,0,0.001,-1.0,-1.0,-1.0,0.001,0,0.0.0.1,
2026-02-17 17:07:39,dns,ugslb.com,cn,True,0,0.001,-1.0,-1.0,-1.0,0.001,0,NOERROR:no-A-record,
2026-02-17 17:07:39,dns,pearvideo.com,cn,True,0,0.052,-1.0,-1.0,-1.0,0.052,0,www.pearvideo.com.eo.dnse1.com.,
2026-02-17 17:07:39,dns,gaoshouyou.com,cn,True,0,0.002,-1.0,-1.0,-1.0,0.002,0,180.163.28.105,
2026-02-17 17:07:39,dns,ugslb.top,cn,True,0,0.068,-1.0,-1.0,-1.0,0.068,0,NOERROR:no-A-record,
2026-02-17 17:07:39,dns,cztv.com,cn,True,0,0.001,-1.0,-1.0,-1.0,0.001,0,121.41.3.55,
2026-02-17 17:07:39,dns,16q.cn,cn,True,0,0.001,-1.0,-1.0,-1.0,0.001,0,42.62.107.228,
2026-02-17 17:07:39,dns,6655.com,cn,True,0,0.0,-1.0,-1.0,-1.0,0.0,0,6655.com.redirection7.com.,
2026-02-17 17:07:39,dns,99fund.com,cn,True,0,0.0,-1.0,-1.0,-1.0,0.0,0,103.192.212.27,
2026-02-17 17:07:39,dns,forevernine.com,cn,True,0,0.064,-1.0,-1.0,-1.0,0.064,0,134.175.235.87,
2026-02-17 17:07:39,dns,diandao.org,cn,True,0,0.001,-1.0,-1.0,-1.0,0.001,0,123.57.10.159,
2026-02-17 17:07:39,dns,qishuimusic.cn,cn,True,0,0.04,-1.0,-1.0,-1.0,0.04,0,NOERROR:no-A-record,
2026-02-17 17:07:39,dns,netzz.net,cn,True,0,0.001,-1.0,-1.0,-1.0,0.001,0,NOERROR:no-A-record,
2026-02-17 17:07:39,dns,supercachenet.com,cn,True,0,0.038,-1.0,-1.0,-1.0,0.038,0,NOERROR:no-A-record,
2026-02-17 17:07:39,dns,vaptcha.com,cn,True,0,0.006,-1.0,-1.0,-1.0,0.006,0,47.242.204.125,
2026-02-17 17:07:39,dns,surerp.com,cn,True,0,0.0,-1.0,-1.0,-1.0,0.0,0,NOERROR:no-A-record,
2026-02-17 17:07:39,dns,rtbasia.com,cn,True,0,0.001,-1.0,-1.0,-1.0,0.001,0,106.52.143.131,
2026-02-17 17:07:39,dns,zhuoyou.com,cn,True,0,0.078,-1.0,-1.0,-1.0,0.078,0,zhuoyou.com.w.alikunlun.com.,
2026-02-17 17:07:39,dns,liulishuo.com,cn,True,0,0.0,-1.0,-1.0,-1.0,0.0,0,106.14.187.57,
2026-02-17 17:07:39,dns,5ifund.com,cn,True,0,0.0,-1.0,-1.0,-1.0,0.0,0,122.224.107.239,
2026-02-17 17:07:39,dns,yundalog.com,cn,True,0,0.017,-1.0,-1.0,-1.0,0.017,0,NOERROR:no-A-record,
2026-02-17 17:07:39,dns,ctdns.net,cn,True,0,0.024,-1.0,-1.0,-1.0,0.024,0,NOERROR:no-A-record,
2026-02-17 17:07:39,dns,jmstatic.com,cn,True,0,0.036,-1.0,-1.0,-1.0,0.036,0,NOERROR:no-A-record,
2026-02-17 17:07:39,dns,qnssl.com,cn,True,0,0.041,-1.0,-1.0,-1.0,0.041,0,NOERROR:no-A-record,
2026-02-17 17:07:39,dns,nruan.com,cn,True,0,0.001,-1.0,-1.0,-1.0,0.001,0,103.126.211.158,
2026-02-17 17:07:39,dns,lingkou.cn,cn,True,0,0.001,-1.0,-1.0,-1.0,0.001,0,203.107.45.167,
2026-02-17 17:07:39,dns,vdolady.com,cn,True,0,0.001,-1.0,-1.0,-1.0,0.001,0,120.76.228.190,
2026-02-17 17:07:39,dns,yxdmgame.com,cn,True,0,0.028,-1.0,-1.0,-1.0,0.028,0,NOERROR:no-A-record,
2026-02-17 17:07:39,dns,gold678.com,cn,True,0,0.001,-1.0,-1.0,-1.0,0.001,0,58.215.161.17,
2026-02-17 17:07:39,dns,ebscn.com,cn,True,0,0.0,-1.0,-1.0,-1.0,0.0,0,NOERROR:no-A-record,
2026-02-17 17:07:39,dns,yto.vip,cn,True,0,0.065,-1.0,-1.0,-1.0,0.065,0,NOERROR:no-A-record,
2026-02-17 17:07:39,dns,kejet.net,cn,True,0,0.051,-1.0,-1.0,-1.0,0.051,0,NOERROR:no-A-record,
2026-02-17 17:07:39,dns,b3logfile.com,cn,True,0,0.001,-1.0,-1.0,-1.0,0.001,0,b3logfile-com-idvk43z.qiniudns.com.,
2026-02-17 17:07:39,dns,shoujihuifu.com,cn,True,0,0.001,-1.0,-1.0,-1.0,0.001,0,shoujihuifu.com.cdn.dnsv1.com.,
2026-02-17 17:07:39,dns,thunderurl.com,cn,True,0,0.001,-1.0,-1.0,-1.0,0.001,0,203.107.45.167,
2026-02-17 17:07:39,dns,jpush.io,cn,True,0,0.0,-1.0,-1.0,-1.0,0.0,0,NOERROR:no-A-record,
2026-02-17 17:07:39,dns,ipplus360.com,cn,True,0,0.045,-1.0,-1.0,-1.0,0.045,0,182.92.82.147,
2026-02-17 17:07:39,dns,fengkongcloud.com,cn,True,0,0.001,-1.0,-1.0,-1.0,0.001,0,49.233.125.100,
2026-02-17 17:08:09,dns,oschina.net,cn,True,0,0.002,-1.0,-1.0,-1.0,0.002,0,oschina.net-38a6d2f2a9a.baiduads.com.,
2026-02-17 17:08:09,dns,p2peye.com,cn,True,0,0.001,-1.0,-1.0,-1.0,0.001,0,123.129.219.230,
2026-02-17 17:08:09,dns,nadianshi.com,cn,True,0,0.068,-1.0,-1.0,-1.0,0.068,0,120.26.54.75,
2026-02-17 17:08:09,dns,zdnscloud.com,cn,True,0,0.015,-1.0,-1.0,-1.0,0.015,0,NOERROR:no-A-record,
2026-02-17 17:08:09,dns,huijiwiki.com,cn,True,0,0.003,-1.0,-1.0,-1.0,0.003,0,www.huijiwiki.com.cloud-scdn.com.,
2026-02-17 17:08:09,dns,chinachugui.com,cn,True,0,0.074,-1.0,-1.0,-1.0,0.074,0,113.240.68.33,
2026-02-17 17:08:09,dns,contentchina.com,cn,True,0,0.001,-1.0,-1.0,-1.0,0.001,0,120.78.247.104,
2026-02-17 17:08:09,dns,wenxiaozhan.cn,cn,True,0,0.001,-1.0,-1.0,-1.0,0.001,0,dnspod-free.beian.mydnspod.net.,
2026-02-17 17:08:09,dns,ymtc.com,cn,True,0,0.0,-1.0,-1.0,-1.0,0.0,0,116.211.58.125,
2026-02-17 17:08:09,dns,swsc.com.cn,cn,True,0,0.067,-1.0,-1.0,-1.0,0.067,0,NOERROR:no-A-record,
2026-02-17 17:08:09,dns,scctyiptv.cn,cn,True,0,0.082,-1.0,-1.0,-1.0,0.082,0,NOERROR:no-A-record,
2026-02-17 17:08:09,dns,zuchecdn.com,cn,True,0,0.0,-1.0,-1.0,-1.0,0.0,0,NOERROR:no-A-record,
2026-02-17 17:08:09,dns,3533.com,cn,True,0,0.001,-1.0,-1.0,-1.0,0.001,0,120.41.45.69,
2026-02-17 17:08:09,dns,koowo.com,cn,True,0,0.0,-1.0,-1.0,-1.0,0.0,0,101.42.128.221,
2026-02-17 17:08:09,dns,xinshipu.com,cn,True,0,0.001,-1.0,-1.0,-1.0,0.001,0,r6u3dwsc.n.jackcdn.com.,
2026-02-17 17:08:09,dns,qtlcdn.net,cn,True,0,0.066,-1.0,-1.0,-1.0,0.066,0,NOERROR:no-A-record,
2026-02-17 17:08:09,dns,phpcomposer.com,cn,True,0,0.064,-1.0,-1.0,-1.0,0.064,0,59.110.65.123,
2026-02-17 17:08:09,dns,umetrip.com.cn,cn,True,0,0.062,-1.0,-1.0,-1.0,0.062,0,NOERROR:no-A-record,
2026-02-17 17:08:09,dns,vzuu.com,cn,True,0,0.001,-1.0,-1.0,-1.0,0.001,0,www.vzuu.com.,
2026-02-17 17:08:09,dns,yiche.com,cn,True,0,0.013,-1.0,-1.0,-1.0,0.013,0,152.136.4.16,
2026-02-17 17:08:09,dns,mcprev.cn,cn,True,0,0.066,-1.0,-1.0,-1.0,0.066,0,NOERROR:no-A-record,
2026-02-17 17:08:09,dns,yto56.net.cn,cn,True,0,0.083,-1.0,-1.0,-1.0,0.083,0,NOERROR:no-A-record,
2026-02-17 17:08:09,dns,yundzh.com,cn,True,0,0.001,-1.0,-1.0,-1.0,0.001,0,119.3.53.243,
2026-02-17 17:08:09,dns,wdjimg.com,cn,True,0,0.003,-1.0,-1.0,-1.0,0.003,0,47.107.121.88,
2026-02-17 17:08:09,dns,uoko.com,cn,True,0,0.002,-1.0,-1.0,-1.0,0.002,0,a79b79aadfb52b95beb62921ee25a370.qcloudcjgj.com.,
2026-02-17 17:08:09,dns,lenovocust.cn,cn,True,0,0.0,-1.0,-1.0,-1.0,0.0,0,NOERROR:no-A-record,
2026-02-17 17:08:09,dns,800bestapp.com,cn,True,0,0.113,-1.0,-1.0,-1.0,0.113,0,www.800best.com.,
2026-02-17 17:08:09,dns,sohucs.com,cn,True,0,0.042,-1.0,-1.0,-1.0,0.042,0,61.135.164.51,
2026-02-17 17:08:09,dns,kskwai.com,cn,True,0,0.046,-1.0,-1.0,-1.0,0.046,0,NOERROR:no-A-record,
2026-02-17 17:08:09,dns,sososnap.com,cn,True,0,0.0,-1.0,-1.0,-1.0,0.0,0,180.149.156.200,
2026-02-17 17:08:09,dns,21cn.com,cn,True,0,0.0,-1.0,-1.0,-1.0,0.0,0,114.217.37.13,
2026-02-17 17:08:09,dns,bilibiligame.net,cn,True,0,0.078,-1.0,-1.0,-1.0,0.078,0,bilibiligame.net.w.kunluncan.com.,
2026-02-17 17:08:09,dns,kolbuyer.cn,cn,True,0,1.82,-1.0,-1.0,-1.0,1.82,0,NOERROR:no-A-record,
2026-02-17 17:08:09,dns,hupu.com,cn,True,0,0.0,-1.0,-1.0,-1.0,0.0,0,114.55.187.22,
2026-02-17 17:08:09,dns,naixuecha.com,cn,True,0,0.044,-1.0,-1.0,-1.0,0.044,0,NOERROR:no-A-record,
2026-02-17 17:08:09,dns,yxhapi.com,cn,True,0,0.0,-1.0,-1.0,-1.0,0.0,0,NOERROR:no-A-record,
2026-02-17 17:08:09,dns,lnlib.net,cn,True,0,0.034,-1.0,-1.0,-1.0,0.034,0,NOERROR:no-A-record,
2026-02-17 17:08:09,dns,touqikan.com,cn,True,0,0.203,-1.0,-1.0,-1.0,0.203,0,208.98.40.26,
2026-02-17 17:08:09,dns,wpscdn.cn,cn,True,0,0.031,-1.0,-1.0,-1.0,0.031,0,121.36.74.228,
2026-02-17 17:08:09,dns,zol-img.com.cn,cn,True,0,0.0,-1.0,-1.0,-1.0,0.0,0,123.59.191.68,
2026-02-17 17:08:09,dns,51yes.com,cn,True,0,0.002,-1.0,-1.0,-1.0,0.002,0,74.208.215.38,
2026-02-17 17:08:09,dns,dopa.com,cn,True,0,0.024,-1.0,-1.0,-1.0,0.024,0,47.114.47.221,
2026-02-17 17:08:09,dns,rwkv.com,cn,True,0,0.119,-1.0,-1.0,-1.0,0.119,0,104.21.82.92,
2026-02-17 17:08:09,dns,wsglb.com,cn,True,0,0.066,-1.0,-1.0,-1.0,0.066,0,NOERROR:no-A-record,
2026-02-17 17:08:09,dns,bdcloudapi.com,cn,True,0,0.065,-1.0,-1.0,-1.0,0.065,0,NOERROR:no-A-record,
2026-02-17 17:08:09,dns,nellit.com.cn,cn,True,0,0.0,-1.0,-1.0,-1.0,0.0,0,NOERROR:no-A-record,
2026-02-17 17:08:09,dns,t00ls.cc,cn,True,0,0.001,-1.0,-1.0,-1.0,0.001,0,52.74.6.109,
2026-02-17 17:08:09,dns,foundertype.com,cn,True,0,0.001,-1.0,-1.0,-1.0,0.001,0,47.93.162.43,
2026-02-17 17:08:09,dns,xjietiao.com,cn,True,0,0.001,-1.0,-1.0,-1.0,0.001,0,www.xjietiao.com.,
2026-02-17 17:08:09,dns,qzhuye.com,cn,True,0,0.0,-1.0,-1.0,-1.0,0.0,0,1.14.194.158,
2026-02-17 17:08:09,dns,qichacha.com,cn,True,0,0.002,-1.0,-1.0,-1.0,0.002,0,114.55.207.241,
2026-02-17 17:08:09,dns,staticfile.net,cn,True,0,0.001,-1.0,-1.0,-1.0,0.001,0,staticfile.net.41f6f306.cdnhwcvix16.com.,
2026-02-17 17:08:09,dns,marscode.cn,cn,True,0,0.001,-1.0,-1.0,-1.0,0.001,0,marscode.cn.230b2a2545cfa773.queniuck.com.,
2026-02-17 17:08:09,dns,aliyundrive.cloud,cn,True,0,0.001,-1.0,-1.0,-1.0,0.001,0,123.56.218.176,
2026-02-17 17:08:09,dns,kimg.cn,cn,True,0,0.001,-1.0,-1.0,-1.0,0.001,0,114.112.68.197,
2026-02-17 17:08:09,dns,douban.com,cn,True,0,0.001,-1.0,-1.0,-1.0,0.001,0,140.143.177.206,
2026-02-17 17:08:09,dns,csfounder.com,cn,True,0,0.0,-1.0,-1.0,-1.0,0.0,0,39.105.54.12,
2026-02-17 17:08:09,dns,qiancangwms.com,cn,True,0,0.001,-1.0,-1.0,-1.0,0.001,0,47.111.97.61,
2026-02-17 17:08:09,dns,mumbuy365.com,cn,True,0,0.049,-1.0,-1.0,-1.0,0.049,0,NOERROR:no-A-record,
2026-02-17 17:08:09,dns,postfund.com.cn,cn,True,0,0.066,-1.0,-1.0,-1.0,0.066,0,NOERROR:no-A-record,
2026-02-17 17:08:09,dns,bishengcompiler.cn,cn,True,0,0.06,-1.0,-1.0,-1.0,0.06,0,NOERROR:no-A-record,
2026-02-17 17:08:09,dns,tianpeng.com,cn,True,0,0.001,-1.0,-1.0,-1.0,0.001,0,127.0.0.1,
2026-02-17 17:08:09,dns,novelfmstatic.com,cn,True,0,0.013,-1.0,-1.0,-1.0,0.013,0,NOERROR:no-A-record,
2026-02-17 17:08:09,dns,yl-scm.com,cn,True,0,0.014,-1.0,-1.0,-1.0,0.014,0,106.15.190.160,
2026-02-17 17:08:09,dns,leigod.com,cn,True,0,0.013,-1.0,-1.0,-1.0,0.013,0,60.204.1.196,
2026-02-17 17:08:09,dns,9xgame.com,cn,True,0,0.039,-1.0,-1.0,-1.0,0.039,0,39.105.192.231,
2026-02-17 17:08:09,dns,jomodns.cn,cn,True,0,1.495,-1.0,-1.0,-1.0,1.495,0,NOERROR:no-A-record,
2026-02-17 17:08:09,dns,tracup.com,cn,True,0,0.0,-1.0,-1.0,-1.0,0.0,0,alb-9x2xetynofgttwxl9t.cn-shenzhen.alb.aliyuncs.com.,
2026-02-17 17:08:09,dns,cailianpress.com,cn,True,0,0.0,-1.0,-1.0,-1.0,0.0,0,203.107.60.192,
2026-02-17 17:08:09,dns,4399mail.com,cn,True,0,0.0,-1.0,-1.0,-1.0,0.0,0,NOERROR:no-A-record,
2026-02-17 17:08:09,dns,dmall.com,cn,True,0,0.017,-1.0,-1.0,-1.0,0.017,0,NOERROR:no-A-record,
2026-02-17 17:08:09,dns,iscas.ac.cn,cn,True,0,0.001,-1.0,-1.0,-1.0,0.001,0,NOERROR:no-A-record,
2026-02-17 17:08:09,dns,qingting.fm,cn,True,0,0.001,-1.0,-1.0,-1.0,0.001,0,aecc9f1da6f74cbba973d5033a40d14e.vip1.huaweicloudwaf.com.,
2026-02-17 17:08:09,dns,huoshanxiaoshipin.cn,cn,True,0,0.046,-1.0,-1.0,-1.0,0.046,0,NOERROR:no-A-record,
2026-02-17 17:08:09,dns,dongao.com,cn,True,0,0.0,-1.0,-1.0,-1.0,0.0,0,114.117.134.14,
2026-02-17 17:08:09,dns,djdjapp.com,cn,True,0,0.018,-1.0,-1.0,-1.0,0.018,0,NOERROR:no-A-record,
2026-02-17 17:08:09,dns,lebo.top,cn,True,0,0.001,-1.0,-1.0,-1.0,0.001,0,lebo.top.w.kunluncan.com.,
2026-02-17 17:08:09,dns,honor.com,cn,True,0,0.0,-1.0,-1.0,-1.0,0.0,0,101.33.48.103,
2026-02-17 17:08:09,dns,forevernine.com,cn,True,0,0.0,-1.0,-1.0,-1.0,0.0,0,134.175.235.87,
2026-02-17 17:08:09,dns,stockstar.com,cn,True,0,0.001,-1.0,-1.0,-1.0,0.001,0,212.129.158.120,
2026-02-17 17:08:09,dns,ctyiptv.cn,cn,True,0,0.0,-1.0,-1.0,-1.0,0.0,0,NOERROR:no-A-record,
2026-02-17 17:08:09,dns,fxxz.com,cn,True,0,0.0,-1.0,-1.0,-1.0,0.0,0,211.154.25.196,
2026-02-17 17:08:09,dns,ytokj.com,cn,True,0,0.07,-1.0,-1.0,-1.0,0.07,0,NOERROR:no-A-record,
2026-02-17 17:08:09,dns,lancdn.com,cn,True,0,0.0,-1.0,-1.0,-1.0,0.0,0,172.67.191.31,
2026-02-17 17:08:09,dns,zyh365.com,cn,True,0,0.0,-1.0,-1.0,-1.0,0.0,0,122.112.154.18,
2026-02-17 17:08:09,dns,fuwj.com,cn,True,0,0.018,-1.0,-1.0,-1.0,0.018,0,NOERROR:no-A-record,
2026-02-17 17:08:09,dns,noi.cn,cn,True,0,0.069,-1.0,-1.0,-1.0,0.069,0,dorx3d8k2n1agjesc0it7m4jdbid3o6r.yundunwaf3.com.,
2026-02-17 17:08:09,dns,baidu.com.cn,cn,True,0,0.07,-1.0,-1.0,-1.0,0.07,0,39.156.70.37,
2026-02-17 17:08:09,dns,gameres.com,cn,True,0,0.001,-1.0,-1.0,-1.0,0.001,0,218.244.145.180,
2026-02-17 17:08:09,dns,zhipuai.cn,cn,True,0,0.001,-1.0,-1.0,-1.0,0.001,0,zhipuai.cn.w.kunluncan.com.,
2026-02-17 17:08:09,dns,crscm.com,cn,True,0,0.064,-1.0,-1.0,-1.0,0.064,0,106.15.190.160,
2026-02-17 17:08:09,dns,ctycdn.net,cn,True,0,0.04,-1.0,-1.0,-1.0,0.04,0,NOERROR:no-A-record,
2026-02-17 17:08:09,dns,51gaifang.com,cn,True,0,0.068,-1.0,-1.0,-1.0,0.068,0,NOERROR:no-A-record,
2026-02-17 17:08:09,dns,yaolan.com,cn,True,0,0.0,-1.0,-1.0,-1.0,0.0,0,43.248.9.254,
2026-02-17 17:08:09,dns,betastar.cn,cn,True,0,2.097,-1.0,-1.0,-1.0,2.097,0,NOERROR:no-A-record,
2026-02-17 17:08:09,dns,hellowebfont.com,cn,True,0,0.081,-1.0,-1.0,-1.0,0.081,0,NOERROR:no-A-record,
2026-02-17 17:08:09,dns,ihappystudio.cn,cn,True,0,0.052,-1.0,-1.0,-1.0,0.052,0,NOERROR:no-A-record,
2026-02-17 17:08:09,dns,djicdn.com,cn,True,0,0.07,-1.0,-1.0,-1.0,0.07,0,108.156.144.62,
2026-02-17 17:08:09,dns,xoyocdn.com,cn,True,0,0.017,-1.0,-1.0,-1.0,0.017,0,NOERROR:no-A-record,
2026-02-17 17:08:09,dns,cloudflare-cn.com,cn,True,0,0.0,-1.0,-1.0,-1.0,0.0,0,122.114.89.161,
2026-02-17 17:08:09,dns,shrbank.com,cn,True,0,0.065,-1.0,-1.0,-1.0,0.065,0,NOERROR:no-A-record,
2026-02-17 17:08:09,dns,gjgbdszt.cn,cn,True,0,0.876,-1.0,-1.0,-1.0,0.876,0,NOERROR:no-A-record,
2026-02-17 17:08:09,dns,muzhiwan.com,cn,True,0,0.0,-1.0,-1.0,-1.0,0.0,0,23.224.223.90,
2026-02-17 17:08:09,dns,dlnel.org,cn,True,0,0.001,-1.0,-1.0,-1.0,0.001,0,NOERROR:no-A-record,
2026-02-17 17:08:09,dns,kujiang.com,cn,True,0,0.0,-1.0,-1.0,-1.0,0.0,0,120.26.168.102,
2026-02-17 17:08:09,dns,ctfile.com,cn,True,0,0.0,-1.0,-1.0,-1.0,0.0,0,183.134.40.130,
2026-02-17 17:08:09,dns,yslyhr.com,cn,True,0,0.0,-1.0,-1.0,-1.0,0.0,0,NOERROR:no-A-record,
2026-02-17 17:08:09,dns,qhimgs6.com,cn,True,0,0.0,-1.0,-1.0,-1.0,0.0,0,NOERROR:no-A-record,
2026-02-17 17:08:09,dns,ucgslb.com,cn,True,0,0.065,-1.0,-1.0,-1.0,0.065,0,NOERROR:no-A-record,
2026-02-17 17:08:09,dns,scm121.cn,cn,True,0,0.001,-1.0,-1.0,-1.0,0.001,0,xioftbw0s0xvxmdzsuh6h4veceixyqzf.yundunwaf1.com.,
2026-02-17 17:08:09,dns,bohejiasuqi.com,cn,True,0,0.045,-1.0,-1.0,-1.0,0.045,0,60.204.1.148,
2026-02-17 17:08:09,dns,olympicchannelchina.cn,cn,True,0,0.001,-1.0,-1.0,-1.0,0.001,0,www.olympicchannelchina.cn.wsglb0.com.,
2026-02-17 17:08:09,dns,ewww.com.cn,cn,True,0,0.0,-1.0,-1.0,-1.0,0.0,0,NOERROR:no-A-record,
2026-02-17 17:08:09,dns,kuaidi100.com,cn,True,0,0.0,-1.0,-1.0,-1.0,0.0,0,120.92.182.58,
2026-02-17 17:08:09,dns,baofeng.com,cn,True,0,0.0,-1.0,-1.0,-1.0,0.0,0,www.baofeng.com.download.ks-cdn.com.,
2026-02-17 17:08:09,dns,nga.cn,cn,True,0,0.0,-1.0,-1.0,-1.0,0.0,0,nga.cn.wswebpic.com.,
2026-02-17 17:08:09,dns,kuwo.cn,cn,True,0,0.0,-1.0,-1.0,-1.0,0.0,0,49.7.250.27,
2026-02-17 17:08:09,dns,zuidaima.com,cn,True,0,0.0,-1.0,-1.0,-1.0,0.0,0,zuidaima.com.a1.inittt.com.,
2026-02-17 17:08:09,dns,zhihu.com,cn,True,0,0.0,-1.0,-1.0,-1.0,0.0,0,182.61.194.9,
2026-02-17 17:08:09,dns,tianjimedia.com,cn,True,0,0.0,-1.0,-1.0,-1.0,0.0,0,source.cdn.yesky.com.,
2026-02-17 17:08:09,dns,pinyin.cn,cn,True,0,0.0,-1.0,-1.0,-1.0,0.0,0,ins-14fgg0ei.ias.tencent-cloud.net.,
2026-02-17 17:08:09,dns,yto56.com.cn,cn,True,0,0.0,-1.0,-1.0,-1.0,0.0,0,jg.yto56.com.cn.,
2026-02-17 17:08:09,dns,tangeche.com,cn,True,0,0.0,-1.0,-1.0,-1.0,0.0,0,116.62.181.26,
2026-02-17 17:08:09,dns,hexin.com.cn,cn,True,0,0.031,-1.0,-1.0,-1.0,0.031,0,122.224.107.241,
2026-02-17 17:08:09,dns,baltamatica.net,cn,True,0,0.0,-1.0,-1.0,-1.0,0.0,0,203.107.45.167,
2026-02-17 17:08:09,dns,battlecare.net,cn,True,0,0.009,-1.0,-1.0,-1.0,0.009,0,NOERROR:no-A-record,
2026-02-17 17:08:09,dns,kejet.net,cn,True,0,0.0,-1.0,-1.0,-1.0,0.0,0,NOERROR:no-A-record,
2026-02-17 17:08:09,dns,sse.com.cn,cn,True,0,0.0,-1.0,-1.0,-1.0,0.0,0,202.122.113.15,
2026-02-17 17:08:09,dns,anlaiye.com,cn,True,0,0.001,-1.0,-1.0,-1.0,0.001,0,122.51.63.119,
2026-02-17 17:08:09,dns,mobsdks.com,cn,True,0,0.044,-1.0,-1.0,-1.0,0.044,0,NOERROR:no-A-record,
2026-02-17 17:08:09,dns,antutu.net,cn,True,0,0.001,-1.0,-1.0,-1.0,0.001,0,193.112.225.175,
2026-02-17 17:08:09,dns,duowan.com,cn,True,0,0.0,-1.0,-1.0,-1.0,0.0,0,59.110.82.226,
2026-02-17 17:08:09,dns,dcdapp.com,cn,True,0,0.001,-1.0,-1.0,-1.0,0.001,0,dcdapp.com.w.kunluncan.com.,
2026-02-17 17:08:09,dns,qtmojo.com,cn,True,0,0.068,-1.0,-1.0,-1.0,0.068,0,NOERROR:no-A-record,
2026-02-17 17:08:09,dns,faasapp.cn,cn,True,0,0.044,-1.0,-1.0,-1.0,0.044,0,NOERROR:no-A-record,
2026-02-17 17:08:09,dns,yfcalc.com,cn,True,0,0.001,-1.0,-1.0,-1.0,0.001,0,103.96.151.82,
2026-02-17 17:08:09,dns,xiaomingtaiji.com,cn,True,0,0.0,-1.0,-1.0,-1.0,0.0,0,203.107.45.167,
2026-02-17 17:08:09,dns,cztvcdn.com,cn,True,0,0.001,-1.0,-1.0,-1.0,0.001,0,122.225.200.186,
2026-02-17 17:08:09,dns,autohome.tel,cn,True,0,0.0,-1.0,-1.0,-1.0,0.0,0,195.253.75.114,
2026-02-17 17:08:09,dns,ke.com,cn,True,0,0.0,-1.0,-1.0,-1.0,0.0,0,114.117.128.151,
2026-02-17 17:08:09,dns,dingdatech.com,cn,True,0,0.0,-1.0,-1.0,-1.0,0.0,0,NOERROR:no-A-record,
2026-02-17 17:08:09,dns,tools.team,cn,True,0,0.065,-1.0,-1.0,-1.0,0.065,0,NOERROR:no-A-record,
2026-02-17 17:08:09,dns,qianlima.com,cn,True,0,0.0,-1.0,-1.0,-1.0,0.0,0,47.104.143.81,
2026-02-17 17:08:09,dns,somode.com,cn,True,0,0.029,-1.0,-1.0,-1.0,0.029,0,NOERROR:no-A-record,
2026-02-17 17:08:09,dns,zhuanspirit.com,cn,True,0,0.029,-1.0,-1.0,-1.0,0.029,0,81.70.70.31,
2026-02-17 17:08:09,dns,uewaf.com,cn,True,0,0.043,-1.0,-1.0,-1.0,0.043,0,NOERROR:no-A-record,
2026-02-17 17:08:09,dns,40407.com,cn,True,0,0.0,-1.0,-1.0,-1.0,0.0,0,172.67.183.207,
2026-02-17 17:08:09,dns,17cdn.com,cn,True,0,0.0,-1.0,-1.0,-1.0,0.0,0,168.76.252.241,
2026-02-17 17:08:09,dns,ozonbigsell.com,cn,True,0,0.185,-1.0,-1.0,-1.0,0.185,0,3110.ijn.gvy.ozonbigsell.com.zygfdns.com.,
2026-02-17 17:08:09,dns,trustie.net,cn,True,0,0.0,-1.0,-1.0,-1.0,0.0,0,123.59.135.98,
2026-02-17 17:08:09,dns,clouddn.com,cn,True,0,0.0,-1.0,-1.0,-1.0,0.0,0,mid-dpvs-public.qiniu.com.,
2026-02-17 17:08:09,dns,chinadongchu.com,cn,True,0,0.001,-1.0,-1.0,-1.0,0.001,0,chinadongchu.com.luv43.faipod.com.,
2026-02-17 17:08:09,dns,ctycdn.cn,cn,True,0,0.044,-1.0,-1.0,-1.0,0.044,0,NOERROR:no-A-record,
2026-02-17 17:08:09,dns,123641.com,cn,True,0,0.032,-1.0,-1.0,-1.0,0.032,0,NOERROR:no-A-record,
2026-02-17 17:08:09,dns,chuimg.com,cn,True,0,0.042,-1.0,-1.0,-1.0,0.042,0,NOERROR:no-A-record,
2026-02-17 17:08:09,dns,aotrip.net,cn,True,0,0.0,-1.0,-1.0,-1.0,0.0,0,101.201.40.97,
2026-02-17 17:08:09,dns,mydrivers.com,cn,True,0,0.021,-1.0,-1.0,-1.0,0.021,0,123.57.177.14,
2026-02-17 17:08:09,dns,sichuanair.com,cn,True,0,0.006,-1.0,-1.0,-1.0,0.006,0,NOERROR:no-A-record,
2026-02-17 17:08:09,dns,360-api.cn,cn,True,0,0.04,-1.0,-1.0,-1.0,0.04,0,NOERROR:no-A-record,
2026-02-17 17:08:09,dns,qunliao.info,cn,True,0,0.001,-1.0,-1.0,-1.0,0.001,0,81.70.116.172,
2026-02-17 17:08:09,dns,rwkv.cn,cn,True,0,0.001,-1.0,-1.0,-1.0,0.001,0,114.67.216.121,
2026-02-17 17:08:09,dns,chazidian.com,cn,True,0,0.028,-1.0,-1.0,-1.0,0.028,0,60.204.198.204,
2026-02-17 17:08:09,dns,lkcoffee.com,cn,True,0,0.001,-1.0,-1.0,-1.0,0.001,0,152.136.248.40,
2026-02-17 17:08:09,dns,jlccad.com,cn,True,0,0.028,-1.0,-1.0,-1.0,0.028,0,alb-ajk967dvek5crwb4k9.cn-shenzhen.alb.aliyuncs.com.,
2026-02-17 17:08:09,dns,xiaoyuankousuan.com,cn,True,0,0.001,-1.0,-1.0,-1.0,0.001,0,xyks.yuanfudao.com.,
2026-02-17 17:08:09,dns,shanxijianzhuzizhi.com,cn,True,0,0.063,-1.0,-1.0,-1.0,0.063,0,47.108.225.62,
2026-02-17 17:08:09,dns,hongsanban.com,cn,True,0,0.167,-1.0,-1.0,-1.0,0.167,0,206.238.164.228,
2026-02-17 17:08:09,dns,xueersi.com,cn,True,0,0.001,-1.0,-1.0,-1.0,0.001,0,xueersi.com.w.kunlungr.com.,
2026-02-17 17:08:09,dns,julive.com,cn,True,0,0.04,-1.0,-1.0,-1.0,0.04,0,54.183.102.22,
2026-02-17 17:08:09,dns,shuhai.com,cn,True,0,0.069,-1.0,-1.0,-1.0,0.069,0,NOERROR:no-A-record,
2026-02-17 17:08:09,dns,bio4p.com,cn,True,0,0.001,-1.0,-1.0,-1.0,0.001,0,120.26.87.55,
2026-02-17 17:08:09,dns,douyuscdn.com,cn,True,0,0.0,-1.0,-1.0,-1.0,0.0,0,NOERROR:no-A-record,
2026-02-17 17:08:09,dns,dfham.com,cn,True,0,0.001,-1.0,-1.0,-1.0,0.001,0,101.230.75.8,
2026-02-17 17:08:09,dns,hanboshi.com,cn,True,0,0.001,-1.0,-1.0,-1.0,0.001,0,47.107.101.184,
2026-02-17 17:08:09,dns,maoyan.com,cn,True,0,0.001,-1.0,-1.0,-1.0,0.001,0,154.8.191.90,
2026-02-17 17:08:09,dns,bdfund.cn,cn,True,0,0.049,-1.0,-1.0,-1.0,0.049,0,NOERROR:no-A-record,
2026-02-17 17:08:09,dns,f.cx,cn,True,0,0.048,-1.0,-1.0,-1.0,0.048,0,43.248.187.105,
2026-02-17 17:08:09,dns,chinazns.com,cn,True,0,0.002,-1.0,-1.0,-1.0,0.002,0,156.229.157.2,
2026-02-17 17:08:09,dns,jstv.com,cn,True,0,0.043,-1.0,-1.0,-1.0,0.043,0,jstv.com.w.kunlunaq.com.,
2026-02-17 17:08:09,dns,schoopia.com,cn,True,0,0.069,-1.0,-1.0,-1.0,0.069,0,39.105.253.51,
2026-02-17 17:08:09,dns,sxcxldjy.com,cn,True,0,0.001,-1.0,-1.0,-1.0,0.001,0,101.200.75.233,
2026-02-17 17:08:09,dns,huangyuhui.net,cn,True,0,0.0,-1.0,-1.0,-1.0,0.0,0,101.35.45.52,
2026-02-17 17:08:09,dns,qunjielong.com,cn,True,0,0.06,-1.0,-1.0,-1.0,0.06,0,nlb-mm00vk71ltsmilrcnj.cn-shanghai.nlb.aliyuncsslb.com.,
2026-02-17 17:08:09,dns,ks-cdn1.com,cn,True,0,0.001,-1.0,-1.0,-1.0,0.001,0,42.62.61.18,
2026-02-17 17:08:09,dns,hsbcinsurance.com.cn,cn,True,0,0.068,-1.0,-1.0,-1.0,0.068,0,NOERROR:no-A-record,
2026-02-17 17:08:09,dns,goto-game.mobi,cn,True,0,0.066,-1.0,-1.0,-1.0,0.066,0,NOERROR:no-A-record,
2026-02-17 17:08:09,dns,sfccn.com,cn,True,0,0.0,-1.0,-1.0,-1.0,0.0,0,175.178.203.177,
2026-02-17 17:08:09,dns,szbdyd.com,cn,True,0,0.0,-1.0,-1.0,-1.0,0.0,0,NOERROR:no-A-record,
2026-02-17 17:08:09,dns,51dzt.com,cn,True,0,0.039,-1.0,-1.0,-1.0,0.039,0,klbv2.wpsdns.com.,
2026-02-17 17:08:09,dns,cfsc.com.cn,cn,True,0,0.066,-1.0,-1.0,-1.0,0.066,0,113.141.71.34,
2026-02-17 17:08:09,dns,baijiayun.com,cn,True,0,0.001,-1.0,-1.0,-1.0,0.001,0,www.baijiayun.com.cdn30.com.,
2026-02-17 17:08:09,dns,win7china.com,cn,True,0,0.001,-1.0,-1.0,-1.0,0.001,0,win7china.com.a.bdydns.com.,
2026-02-17 17:08:09,dns,linsn.com,cn,True,0,0.05,-1.0,-1.0,-1.0,0.05,0,47.112.163.228,
2026-02-17 17:08:09,dns,cjsc.com,cn,True,0,0.062,-1.0,-1.0,-1.0,0.062,0,NOERROR:no-A-record,
2026-02-17 17:08:09,dns,ipshudi.com,cn,True,0,0.001,-1.0,-1.0,-1.0,0.001,0,124.223.67.118,
2026-02-17 17:08:09,dns,tianqistatic.com,cn,True,0,0.063,-1.0,-1.0,-1.0,0.063,0,NOERROR:no-A-record,
2026-02-17 17:08:09,dns,wsukwai.com,cn,True,0,0.017,-1.0,-1.0,-1.0,0.017,0,NOERROR:no-A-record,
2026-02-17 17:08:09,dns,secec.com,cn,True,0,0.0,-1.0,-1.0,-1.0,0.0,0,47.101.70.145,
2026-02-17 17:08:09,dns,zgzcw.com,cn,True,0,0.0,-1.0,-1.0,-1.0,0.0,0,zgzcw.com.a26244e7.cdnhwcpsd13.com.,
2026-02-17 17:08:09,dns,xingyeai.com,cn,True,0,0.025,-1.0,-1.0,-1.0,0.025,0,NOERROR:no-A-record,
2026-02-17 17:08:39,dns,zampda.net,cn,True,0,0.002,-1.0,-1.0,-1.0,0.002,0,NOERROR:no-A-record,
2026-02-17 17:08:39,dns,jrj.com.cn,cn,True,0,0.001,-1.0,-1.0,-1.0,0.001,0,jrj.com.cn.cdn.dnsv1.com.cn.,
2026-02-17 17:08:39,dns,battlecare.net,cn,True,0,0.001,-1.0,-1.0,-1.0,0.001,0,NOERROR:no-A-record,
2026-02-17 17:08:39,dns,jvcsmart.com.cn,cn,True,0,0.0,-1.0,-1.0,-1.0,0.0,0,NOERROR:no-A-record,
2026-02-17 17:08:39,dns,tjstats.com,cn,True,0,0.001,-1.0,-1.0,-1.0,0.001,0,212.129.230.50,
2026-02-17 17:08:39,dns,3839.com,cn,True,0,0.001,-1.0,-1.0,-1.0,0.001,0,49.233.44.103,
2026-02-17 17:08:39,dns,gk100.com,cn,True,0,0.001,-1.0,-1.0,-1.0,0.001,0,119.23.210.117,
2026-02-17 17:08:39,dns,openvela.com,cn,True,0,0.08,-1.0,-1.0,-1.0,0.08,0,extranet-alllines-pub-c3-c4.alb.xiaomi.com.,
2026-02-17 17:08:39,dns,softwhy.com,cn,True,0,0.001,-1.0,-1.0,-1.0,0.001,0,softwhy.com.eo.dnse1.com.,
2026-02-17 17:08:39,dns,filez.com,cn,True,0,0.001,-1.0,-1.0,-1.0,0.001,0,81.70.126.47,
2026-02-17 17:08:39,dns,sxcxldjy.com,cn,True,0,0.001,-1.0,-1.0,-1.0,0.001,0,101.200.75.233,
2026-02-17 17:08:39,dns,ilanzou.com,cn,True,0,0.079,-1.0,-1.0,-1.0,0.079,0,ilanzou.com.w.kunluncan.com.,
2026-02-17 17:08:39,dns,mamayz.com,cn,True,0,0.038,-1.0,-1.0,-1.0,0.038,0,NOERROR:no-A-record,
2026-02-17 17:08:39,dns,ysjf.com,cn,True,0,0.0,-1.0,-1.0,-1.0,0.0,0,203.107.60.192,
2026-02-17 17:08:39,dns,roborock.com,cn,True,0,0.001,-1.0,-1.0,-1.0,0.001,0,203.107.60.192,
2026-02-17 17:08:39,dns,jlc-layout.com,cn,True,0,0.0,-1.0,-1.0,-1.0,0.0,0,alb-ajk967dvek5crwb4k9.cn-shenzhen.alb.aliyuncs.com.,
2026-02-17 17:08:39,dns,wzlib.cn,cn,True,0,0.0,-1.0,-1.0,-1.0,0.0,0,218.75.26.142,
2026-02-17 17:08:39,dns,chinafph.com,cn,True,0,0.106,-1.0,-1.0,-1.0,0.106,0,NOERROR:no-A-record,
2026-02-17 17:08:39,dns,kaipuyun.cn,cn,True,0,0.001,-1.0,-1.0,-1.0,0.001,0,47.96.49.21,
2026-02-17 17:08:39,dns,qiniu.com,cn,True,0,0.0,-1.0,-1.0,-1.0,0.0,0,202.107.192.66,
2026-02-17 17:08:39,dns,bdydns.com,cn,True,0,0.0,-1.0,-1.0,-1.0,0.0,0,NOERROR:no-A-record,
2026-02-17 17:08:39,dns,bankofbeijing.com.cn,cn,True,0,0.002,-1.0,-1.0,-1.0,0.002,0,36.112.110.87,
2026-02-17 17:08:39,dns,jmlk.co,cn,True,0,0.001,-1.0,-1.0,-1.0,0.001,0,120.46.152.236,
2026-02-17 17:08:39,dns,fontstar.com.cn,cn,True,0,0.001,-1.0,-1.0,-1.0,0.001,0,123.57.36.135,
2026-02-17 17:08:39,dns,wsdvs.com,cn,True,0,0.0,-1.0,-1.0,-1.0,0.0,0,NOERROR:no-A-record,
2026-02-17 17:08:39,dns,998.com,cn,True,0,0.0,-1.0,-1.0,-1.0,0.0,0,212.129.231.171,
2026-02-17 17:08:39,dns,5054399.com,cn,True,0,0.015,-1.0,-1.0,-1.0,0.015,0,NOERROR:no-A-record,
2026-02-17 17:08:39,dns,ibaotu.com,cn,True,0,0.0,-1.0,-1.0,-1.0,0.0,0,139.196.249.125,
2026-02-17 17:08:39,dns,i618.com.cn,cn,True,0,0.085,-1.0,-1.0,-1.0,0.085,0,NOERROR:no-A-record,
2026-02-17 17:08:39,dns,18183.com,cn,True,0,0.001,-1.0,-1.0,-1.0,0.001,0,18183.com.a.bdydns.com.,
2026-02-17 17:08:39,dns,shinescan.tech,cn,True,0,0.0,-1.0,-1.0,-1.0,0.0,0,114.55.127.67,
2026-02-17 17:08:39,dns,yytcdn.com,cn,True,0,0.003,-1.0,-1.0,-1.0,0.003,0,39.106.161.87,
2026-02-17 17:08:39,dns,chuangxin.com,cn,True,0,0.001,-1.0,-1.0,-1.0,0.001,0,chuangxin.com.s.sxldns.com.,
2026-02-17 17:08:39,dns,autoimg.cn,cn,True,0,0.001,-1.0,-1.0,-1.0,0.001,0,116.181.15.207,
2026-02-17 17:08:39,dns,southmoney.com,cn,True,0,0.001,-1.0,-1.0,-1.0,0.001,0,120.132.9.158,
2026-02-17 17:08:39,dns,tmtsmartrun.com,cn,True,0,0.066,-1.0,-1.0,-1.0,0.066,0,203.107.45.167,
2026-02-17 17:08:39,dns,frp-fun.com,cn,True,0,0.001,-1.0,-1.0,-1.0,0.001,0,113.219.237.121,
2026-02-17 17:08:39,dns,fanqieopenpic.com,cn,True,0,0.068,-1.0,-1.0,-1.0,0.068,0,NOERROR:no-A-record,
2026-02-17 17:08:39,dns,wss.show,cn,True,0,0.0,-1.0,-1.0,-1.0,0.0,0,dnspod-free.beian.mydnspod.net.,
2026-02-17 17:08:39,dns,baicizhan.com,cn,True,0,0.0,-1.0,-1.0,-1.0,0.0,0,42.121.253.195,
2026-02-17 17:08:39,dns,xf-fund.com,cn,True,0,0.044,-1.0,-1.0,-1.0,0.044,0,NOERROR:no-A-record,
2026-02-17 17:08:39,dns,geektool.top,cn,True,0,0.0,-1.0,-1.0,-1.0,0.0,0,NOERROR:no-A-record,
2026-02-17 17:08:39,dns,zhanbuba.com,cn,True,0,0.0,-1.0,-1.0,-1.0,0.0,0,156.241.183.181,
2026-02-17 17:08:39,dns,360shouji.com,cn,True,0,0.002,-1.0,-1.0,-1.0,0.002,0,211.151.194.116,
2026-02-17 17:08:39,dns,programmer.net.cn,cn,True,0,0.038,-1.0,-1.0,-1.0,0.038,0,dnspod-free.beian.mydnspod.net.,
2026-02-17 17:08:39,dns,ottcn.com,cn,True,0,0.002,-1.0,-1.0,-1.0,0.002,0,120.53.71.88,
2026-02-17 17:08:39,dns,wotgame.cn,cn,True,0,0.009,-1.0,-1.0,-1.0,0.009,0,8.133.125.129,
2026-02-17 17:08:39,dns,asklib.com,cn,True,0,0.0,-1.0,-1.0,-1.0,0.0,0,120.78.83.48,
2026-02-17 17:08:39,dns,jlcecad.com,cn,True,0,0.001,-1.0,-1.0,-1.0,0.001,0,alb-ajk967dvek5crwb4k9.cn-shenzhen.alb.aliyuncs.com.,
2026-02-17 17:08:39,dns,17k.com,cn,True,0,0.0,-1.0,-1.0,-1.0,0.0,0,47.94.46.45,
2026-02-17 17:08:39,dns,cntvwb.cn,cn,True,0,0.002,-1.0,-1.0,-1.0,0.002,0,NOERROR:no-A-record,
2026-02-17 17:08:39,dns,hiyd.com,cn,True,0,0.001,-1.0,-1.0,-1.0,0.001,0,47.106.73.57,
2026-02-17 17:08:39,dns,mihoyomall.com,cn,True,0,0.0,-1.0,-1.0,-1.0,0.0,0,NOERROR:no-A-record,
2026-02-17 17:08:39,dns,tudouui.com,cn,True,0,0.0,-1.0,-1.0,-1.0,0.0,0,NOERROR:no-A-record,
2026-02-17 17:08:39,dns,yunzhijia.com,cn,True,0,0.001,-1.0,-1.0,-1.0,0.001,0,120.92.21.10,
2026-02-17 17:08:39,dns,nubia.com,cn,True,0,0.001,-1.0,-1.0,-1.0,0.001,0,nubia.com.dsa.dnsv1.com.,
2026-02-17 17:08:39,dns,eastday.com,cn,True,0,0.0,-1.0,-1.0,-1.0,0.0,0,180.153.21.47,
2026-02-17 17:08:39,dns,58corp.com,cn,True,0,0.0,-1.0,-1.0,-1.0,0.0,0,NOERROR:no-A-record,
2026-02-17 17:08:39,dns,codeloop.top,cn,True,0,0.019,-1.0,-1.0,-1.0,0.019,0,47.117.172.236,
2026-02-17 17:08:39,dns,gotolink.net,cn,True,0,0.0,-1.0,-1.0,-1.0,0.0,0,0.0.0.1,
2026-02-17 17:08:39,dns,haote.com,cn,True,0,0.001,-1.0,-1.0,-1.0,0.001,0,104.26.8.188,
2026-02-17 17:08:39,dns,zhifang.com,cn,True,0,0.001,-1.0,-1.0,-1.0,0.001,0,zvonimir.16388888.com.,
2026-02-17 17:08:39,dns,xiezuocat.com,cn,True,0,0.001,-1.0,-1.0,-1.0,0.001,0,47.94.247.100,
2026-02-17 17:08:39,dns,skydweller.cn,cn,True,0,0.0,-1.0,-1.0,-1.0,0.0,0,0.0.0.1,
2026-02-17 17:08:39,dns,ningtingche.com,cn,True,0,0.0,-1.0,-1.0,-1.0,0.0,0,121.229.51.33,
2026-02-17 17:08:39,dns,mcbbs.net,cn,True,0,0.066,-1.0,-1.0,-1.0,0.066,0,NOERROR:no-A-record,
2026-02-17 17:08:39,dns,fengcx.com,cn,True,0,0.0,-1.0,-1.0,-1.0,0.0,0,8.140.128.31,
2026-02-17 17:08:39,dns,luyouqi.com,cn,True,0,0.082,-1.0,-1.0,-1.0,0.082,0,luyouqi.com.wswebpic.com.,
2026-02-17 17:08:39,dns,guodu.com,cn,True,0,0.002,-1.0,-1.0,-1.0,0.002,0,111.202.139.228,
2026-02-17 17:08:39,dns,3304399.com,cn,True,0,0.022,-1.0,-1.0,-1.0,0.022,0,NOERROR:no-A-record,
2026-02-17 17:08:39,dns,larsonlimited.com,cn,True,0,0.177,-1.0,-1.0,-1.0,0.177,0,NOERROR:no-A-record,
2026-02-17 17:08:39,dns,s0n.cn,cn,True,0,0.066,-1.0,-1.0,-1.0,0.066,0,NOERROR:no-A-record,
2026-02-17 17:08:39,dns,hugecore.net,cn,True,0,0.0,-1.0,-1.0,-1.0,0.0,0,172.67.141.82,
2026-02-17 17:08:39,dns,frp-kit.com,cn,True,0,0.0,-1.0,-1.0,-1.0,0.0,0,59.36.97.214,
2026-02-17 17:08:39,dns,yunpan.cn,cn,True,0,0.0,-1.0,-1.0,-1.0,0.0,0,yunpan.com.,
2026-02-17 17:08:39,dns,zhihu.com,cn,True,0,0.002,-1.0,-1.0,-1.0,0.002,0,182.61.194.9,
2026-02-17 17:08:39,dns,mybank.cn,cn,True,0,0.0,-1.0,-1.0,-1.0,0.0,0,119.42.247.138,
2026-02-17 17:08:39,dns,cr-cts.com,cn,True,0,0.0,-1.0,-1.0,-1.0,0.0,0,106.15.190.160,
2026-02-17 17:08:39,dns,jlc-cad.com,cn,True,0,0.174,-1.0,-1.0,-1.0,0.174,0,alb-ajk967dvek5crwb4k9.cn-shenzhen.alb.aliyuncs.com.,
2026-02-17 17:08:39,dns,whlovehome.com,cn,True,0,0.0,-1.0,-1.0,-1.0,0.0,0,104.21.78.156,
2026-02-17 17:08:39,dns,apk8.com,cn,True,0,0.001,-1.0,-1.0,-1.0,0.001,0,1.92.81.89,
2026-02-17 17:08:39,dns,qingting.fm,cn,True,0,0.001,-1.0,-1.0,-1.0,0.001,0,aecc9f1da6f74cbba973d5033a40d14e.vip1.huaweicloudwaf.com.,
2026-02-17 17:08:39,dns,dwstatic.com,cn,True,0,0.047,-1.0,-1.0,-1.0,0.047,0,NOERROR:no-A-record,
2026-02-17 17:08:39,dns,beingfine.cn,cn,True,0,0.0,-1.0,-1.0,-1.0,0.0,0,203.107.60.192,
2026-02-17 17:08:39,dns,lianzhuli.com,cn,True,0,0.0,-1.0,-1.0,-1.0,0.0,0,119.28.44.142,
2026-02-17 17:08:39,dns,2dfire.com,cn,True,0,0.001,-1.0,-1.0,-1.0,0.001,0,120.55.199.20,
2026-02-17 17:08:39,dns,huaan.com.cn,cn,True,0,0.042,-1.0,-1.0,-1.0,0.042,0,222.66.164.135,
2026-02-17 17:08:39,dns,szhk.com,cn,True,0,0.0,-1.0,-1.0,-1.0,0.0,0,180.163.28.105,
2026-02-17 17:08:39,dns,ugslb2.net,cn,True,0,0.065,-1.0,-1.0,-1.0,0.065,0,NOERROR:no-A-record,
2026-02-17 17:08:39,dns,wuximediaglobal.com,cn,True,0,0.0,-1.0,-1.0,-1.0,0.0,0,156.237.252.10,
2026-02-17 17:08:39,dns,narwaltech.com,cn,True,0,0.052,-1.0,-1.0,-1.0,0.052,0,NOERROR:no-A-record,
2026-02-17 17:08:39,dns,xiangrikuisite.com,cn,True,0,0.076,-1.0,-1.0,-1.0,0.076,0,NOERROR:no-A-record,
2026-02-17 17:08:39,dns,hongbo100.com,cn,True,0,0.001,-1.0,-1.0,-1.0,0.001,0,42.62.107.229,
2026-02-17 17:08:39,dns,qlisten.cn,cn,True,0,0.001,-1.0,-1.0,-1.0,0.001,0,203.107.45.167,
2026-02-17 17:08:39,dns,zdns.net.cn,cn,True,0,0.0,-1.0,-1.0,-1.0,0.0,0,202.173.15.158,
2026-02-17 17:08:39,dns,worktile.com,cn,True,0,0.037,-1.0,-1.0,-1.0,0.037,0,175.24.255.222,
2026-02-17 17:08:39,dns,zggbdszt.cn,cn,True,0,1.063,-1.0,-1.0,-1.0,1.063,0,NOERROR:no-A-record,
2026-02-17 17:08:39,dns,zhaomishijie.com,cn,True,0,0.0,-1.0,-1.0,-1.0,0.0,0,101.198.2.230,
2026-02-17 17:08:39,dns,tebiefuza.cloud,cn,True,0,0.212,-1.0,-1.0,-1.0,0.212,0,NOERROR:no-A-record,
2026-02-17 17:08:39,dns,jianbihua.com,cn,True,0,0.0,-1.0,-1.0,-1.0,0.0,0,39.106.78.43,
2026-02-17 17:08:39,dns,qingdaonews.com,cn,True,0,0.085,-1.0,-1.0,-1.0,0.085,0,wsall.qingdaonews.com.wswebcdn.com.,
2026-02-17 17:08:39,dns,4thworkshop.com,cn,True,0,0.0,-1.0,-1.0,-1.0,0.0,0,154.194.154.169,
2026-02-17 17:08:39,dns,japps.cn,cn,True,0,0.001,-1.0,-1.0,-1.0,0.001,0,139.9.134.142,
2026-02-17 17:08:39,dns,alookweb.com,cn,True,0,0.002,-1.0,-1.0,-1.0,0.002,0,36.26.90.187,
2026-02-17 17:08:39,dns,ewww.com.cn,cn,True,0,0.0,-1.0,-1.0,-1.0,0.0,0,NOERROR:no-A-record,
2026-02-17 17:08:39,dns,xir.cn,cn,True,0,0.041,-1.0,-1.0,-1.0,0.041,0,NOERROR:no-A-record,
2026-02-17 17:08:39,dns,huya.com,cn,True,0,0.002,-1.0,-1.0,-1.0,0.002,0,119.91.210.247,
2026-02-17 17:08:39,dns,yt0.cc,cn,True,0,0.177,-1.0,-1.0,-1.0,0.177,0,NOERROR:no-A-record,
2026-02-17 17:08:39,dns,ucloud.com.cn,cn,True,0,0.0,-1.0,-1.0,-1.0,0.0,0,3.3.3.3,
2026-02-17 17:08:39,dns,33lc.com,cn,True,0,0.412,-1.0,-1.0,-1.0,0.412,0,NOERROR:no-A-record,
2026-02-17 17:08:39,dns,officese.com,cn,True,0,0.0,-1.0,-1.0,-1.0,0.0,0,officese.com.a1.inituu.com.,
2026-02-17 17:08:39,dns,kksmg.com,cn,True,0,0.066,-1.0,-1.0,-1.0,0.066,0,NOERROR:no-A-record,
2026-02-17 17:08:39,dns,ctfile.com,cn,True,0,0.0,-1.0,-1.0,-1.0,0.0,0,183.134.40.130,
2026-02-17 17:08:39,dns,heiyan.com,cn,True,0,0.0,-1.0,-1.0,-1.0,0.0,0,203.107.54.4,
2026-02-17 17:08:39,dns,ucloudnaming.com,cn,True,0,0.068,-1.0,-1.0,-1.0,0.068,0,NOERROR:no-A-record,
2026-02-17 17:08:39,dns,meilishuo.com,cn,True,0,0.055,-1.0,-1.0,-1.0,0.055,0,qihe.mogujie.com.,
2026-02-17 17:08:39,dns,cyagen.com,cn,True,0,0.001,-1.0,-1.0,-1.0,0.001,0,18.143.104.154,
2026-02-17 17:08:39,dns,zhuayoukong.com,cn,True,0,0.0,-1.0,-1.0,-1.0,0.0,0,103.133.93.91,
2026-02-17 17:08:39,dns,ctsbw.com,cn,True,0,0.0,-1.0,-1.0,-1.0,0.0,0,104.21.90.95,
2026-02-17 17:08:39,dns,aamgame.net,cn,True,0,0.029,-1.0,-1.0,-1.0,0.029,0,121.46.31.40,
2026-02-17 17:08:39,dns,aichongzoo.cn,cn,True,0,0.002,-1.0,-1.0,-1.0,0.002,0,156.226.66.81,
2026-02-17 17:08:39,dns,value500.com,cn,True,0,0.001,-1.0,-1.0,-1.0,0.001,0,116.255.187.160,
2026-02-17 17:08:39,dns,t8tms.com,cn,True,0,0.0,-1.0,-1.0,-1.0,0.0,0,god.ns.t1tms.com.,
2026-02-17 17:08:39,dns,cozeide.cn,cn,True,0,0.051,-1.0,-1.0,-1.0,0.051,0,NOERROR:no-A-record,
2026-02-17 17:08:39,dns,mysiteres.com,cn,True,0,0.0,-1.0,-1.0,-1.0,0.0,0,117.48.155.28,
2026-02-17 17:08:39,dns,qiniudns.com,cn,True,0,0.044,-1.0,-1.0,-1.0,0.044,0,mid-dpvs-public.qiniu.com.,
2026-02-17 17:08:39,dns,dzw3.com,cn,True,0,0.001,-1.0,-1.0,-1.0,0.001,0,208.98.40.220,
2026-02-17 17:08:39,dns,xa-bank.com,cn,True,0,0.134,-1.0,-1.0,-1.0,0.134,0,NOERROR:no-A-record,
2026-02-17 17:08:39,dns,duitang.com,cn,True,0,0.0,-1.0,-1.0,-1.0,0.0,0,c8b9e2214a25475d.huaweisafedns.cn.,
2026-02-17 17:08:39,dns,beckyroom.com,cn,True,0,0.001,-1.0,-1.0,-1.0,0.001,0,lb-ke-prod-extranet-selfop.ke.com.,
2026-02-17 17:08:39,dns,4399hdhh.com,cn,True,0,0.099,-1.0,-1.0,-1.0,0.099,0,49.233.50.156,
2026-02-17 17:08:39,dns,touqikan.com,cn,True,0,0.0,-1.0,-1.0,-1.0,0.0,0,208.98.40.26,
2026-02-17 17:08:39,dns,te5.com,cn,True,0,0.0,-1.0,-1.0,-1.0,0.0,0,180.76.184.124,
2026-02-17 17:08:39,dns,yangkeduo.com,cn,True,0,0.009,-1.0,-1.0,-1.0,0.009,0,118.126.69.55,
2026-02-17 17:08:39,dns,fxxz.com,cn,True,0,0.0,-1.0,-1.0,-1.0,0.0,0,211.154.25.196,
2026-02-17 17:08:39,dns,paydxm.com,cn,True,0,0.0,-1.0,-1.0,-1.0,0.0,0,zf-paydxm.p.dxm-yibai.com.,
2026-02-17 17:08:39,dns,supercellsupport.cn,cn,True,0,0.069,-1.0,-1.0,-1.0,0.069,0,NOERROR:no-A-record,
2026-02-17 17:08:39,dns,1zhe.com,cn,True,0,0.001,-1.0,-1.0,-1.0,0.001,0,app1z.flashgame163.com.,
2026-02-17 17:08:39,dns,astral-vector.com,cn,True,0,0.013,-1.0,-1.0,-1.0,0.013,0,106.15.195.200,
2026-02-17 17:08:39,dns,jikexueyuan.com,cn,True,0,0.0,-1.0,-1.0,-1.0,0.0,0,NOERROR:no-A-record,
2026-02-17 17:08:39,dns,is-cool.cn,cn,True,0,0.0,-1.0,-1.0,-1.0,0.0,0,121.41.89.9,
2026-02-17 17:08:39,dns,fanmingming.com,cn,True,0,0.0,-1.0,-1.0,-1.0,0.0,0,104.21.38.89,
2026-02-17 17:08:39,dns,ketangpai.com,cn,True,0,0.001,-1.0,-1.0,-1.0,0.001,0,47.114.170.38,
2026-02-17 17:08:39,dns,05sun.com,cn,True,0,0.0,-1.0,-1.0,-1.0,0.0,0,159.138.10.149,
2026-02-17 17:08:39,dns,zhiding.com.cn,cn,True,0,0.0,-1.0,-1.0,-1.0,0.0,0,121.197.63.243,
2026-02-17 17:08:39,dns,chat.top,cn,True,0,0.001,-1.0,-1.0,-1.0,0.001,0,www.slb.chat.top.,
2026-02-17 17:08:39,dns,mukewang.com,cn,True,0,0.05,-1.0,-1.0,-1.0,0.05,0,NOERROR:no-A-record,
2026-02-17 17:08:39,dns,zcmbc.com.cn,cn,True,0,0.095,-1.0,-1.0,-1.0,0.095,0,NOERROR:no-A-record,
2026-02-17 17:08:39,dns,cnweblog.com,cn,True,0,0.066,-1.0,-1.0,-1.0,0.066,0,47.97.166.246,
2026-02-17 17:08:39,dns,cf-ns.tech,cn,True,0,0.067,-1.0,-1.0,-1.0,0.067,0,122.114.89.161,
2026-02-17 17:08:39,dns,fqnovel.com,cn,True,0,0.032,-1.0,-1.0,-1.0,0.032,0,NOERROR:no-A-record,
2026-02-17 17:08:39,dns,55bbs.com,cn,True,0,0.066,-1.0,-1.0,-1.0,0.066,0,NOERROR:no-A-record,
2026-02-17 17:08:39,dns,chainnode.com,cn,True,0,0.02,-1.0,-1.0,-1.0,0.02,0,47.91.234.139,
2026-02-17 17:08:39,dns,zhichanli.com,cn,True,0,0.001,-1.0,-1.0,-1.0,0.001,0,47.94.201.82,
2026-02-17 17:08:39,dns,frp-gym.com,cn,True,0,0.001,-1.0,-1.0,-1.0,0.001,0,118.253.162.3,
2026-02-17 17:08:39,dns,frp-now.com,cn,True,0,0.0,-1.0,-1.0,-1.0,0.0,0,220.194.103.193,
2026-02-17 17:08:39,dns,jinrongren.net,cn,True,0,0.001,-1.0,-1.0,-1.0,0.001,0,103.10.87.242,
2026-02-17 17:08:39,dns,zygbdszt.net.cn,cn,True,0,0.806,-1.0,-1.0,-1.0,0.806,0,NOERROR:no-A-record,
2026-02-17 17:08:39,dns,ssajax.cn,cn,True,0,0.001,-1.0,-1.0,-1.0,0.001,0,49.234.165.190,
2026-02-17 17:08:39,dns,yctdyy.com,cn,True,0,0.0,-1.0,-1.0,-1.0,0.0,0,60.205.177.200,
2026-02-17 17:08:39,dns,homekoo.com,cn,True,0,0.079,-1.0,-1.0,-1.0,0.079,0,NOERROR:no-A-record,
2026-02-17 17:08:39,dns,yximgs.com,cn,True,0,0.027,-1.0,-1.0,-1.0,0.027,0,NOERROR:no-A-record,
2026-02-17 17:08:39,dns,umajor.net,cn,True,0,0.0,-1.0,-1.0,-1.0,0.0,0,gf.cname3.com.,
2026-02-17 17:08:39,dns,gijsq.com,cn,True,0,0.0,-1.0,-1.0,-1.0,0.0,0,120.55.63.116,
2026-02-17 17:08:39,dns,msjyfund.com.cn,cn,True,0,0.014,-1.0,-1.0,-1.0,0.014,0,NOERROR:no-A-record,
2026-02-17 17:08:39,dns,gjgbdszt.com.cn,cn,True,0,0.828,-1.0,-1.0,-1.0,0.828,0,NOERROR:no-A-record,
2026-02-17 17:08:39,dns,qcc.com,cn,True,0,0.002,-1.0,-1.0,-1.0,0.002,0,47.97.105.28,
2026-02-17 17:08:39,dns,dxmjinr.com,cn,True,0,0.001,-1.0,-1.0,-1.0,0.001,0,wdmdxmjinr.l.xianfae.com.,
2026-02-17 17:08:39,dns,themisweeps.com,cn,True,0,0.003,-1.0,-1.0,-1.0,0.003,0,139.224.212.115,
2026-02-17 17:08:39,dns,bdfund.cn,cn,True,0,0.0,-1.0,-1.0,-1.0,0.0,0,NOERROR:no-A-record,
2026-02-17 17:08:39,dns,xuexicha.com,cn,True,0,0.002,-1.0,-1.0,-1.0,0.002,0,192.238.142.234,
2026-02-17 17:08:39,dns,360kan.com,cn,True,0,0.001,-1.0,-1.0,-1.0,0.001,0,101.198.2.141,
2026-02-17 17:08:39,dns,flxdns.com,cn,True,0,0.002,-1.0,-1.0,-1.0,0.002,0,192.225.233.103,
2026-02-17 17:08:39,dns,dongqiudi.com,cn,True,0,0.019,-1.0,-1.0,-1.0,0.019,0,49.232.125.10,
2026-02-17 17:08:39,dns,study360.com.cn,cn,True,0,0.0,-1.0,-1.0,-1.0,0.0,0,NOERROR:no-A-record,
2026-02-17 17:08:39,dns,teemo.cn,cn,True,0,0.131,-1.0,-1.0,-1.0,0.131,0,NOERROR:no-A-record,
2026-02-17 17:08:39,dns,shouqianba.com,cn,True,0,0.005,-1.0,-1.0,-1.0,0.005,0,121.41.129.4,
2026-02-17 17:08:39,dns,tivitv.com,cn,True,0,0.003,-1.0,-1.0,-1.0,0.003,0,203.107.45.167,
2026-02-17 17:08:39,dns,babytreeimg.com,cn,True,0,0.095,-1.0,-1.0,-1.0,0.095,0,NOERROR:no-A-record,
2026-02-17 17:08:39,dns,shebiaotm.com,cn,True,0,0.098,-1.0,-1.0,-1.0,0.098,0,210.14.142.225,
2026-02-17 17:08:39,dns,leanote.com,cn,True,0,0.068,-1.0,-1.0,-1.0,0.068,0,104.21.90.116,
2026-02-17 17:08:39,dns,zcjbgame.com,cn,True,0,0.066,-1.0,-1.0,-1.0,0.066,0,NOERROR:no-A-record,
2026-02-17 17:08:39,dns,cma.cn,cn,True,0,0.067,-1.0,-1.0,-1.0,0.067,0,NOERROR:no-A-record,
2026-02-17 17:08:39,dns,mwcdns.com,cn,True,0,0.327,-1.0,-1.0,-1.0,0.327,0,NOERROR:no-A-record,
2026-02-17 17:08:39,dns,gotokeep.com,cn,True,0,0.021,-1.0,-1.0,-1.0,0.021,0,120.53.74.146,
2026-02-17 17:08:39,dns,bhsr.com,cn,True,0,0.0,-1.0,-1.0,-1.0,0.0,0,bhsr.com.w.alikunlun.com.,
2026-02-17 17:08:39,dns,hupucdn.com,cn,True,0,0.002,-1.0,-1.0,-1.0,0.002,0,beian.hoopchina.com.,
2026-02-17 17:08:39,dns,jvcsmart.cn,cn,True,0,0.053,-1.0,-1.0,-1.0,0.053,0,NOERROR:no-A-record,
2026-02-17 17:08:39,dns,bosszhipin.com,cn,True,0,0.0,-1.0,-1.0,-1.0,0.0,0,123.206.4.23,
2026-02-17 17:08:39,dns,amzndns-cn.com,cn,True,0,0.08,-1.0,-1.0,-1.0,0.08,0,NOERROR:no-A-record,
2026-02-17 17:08:39,dns,edgecloudx.cn,cn,True,0,0.104,-1.0,-1.0,-1.0,0.104,0,NOERROR:no-A-record,
2026-02-17 17:08:39,dns,yunify.com,cn,True,0,0.0,-1.0,-1.0,-1.0,0.0,0,139.198.31.95,
2026-02-17 17:08:39,dns,iask.com,cn,True,0,0.056,-1.0,-1.0,-1.0,0.056,0,NOERROR:no-A-record,
2026-02-17 17:08:39,dns,4399.cn,cn,True,0,0.0,-1.0,-1.0,-1.0,0.0,0,cnm.4399api.net.,
2026-02-17 17:08:39,dns,yto-lgs.net,cn,True,0,0.048,-1.0,-1.0,-1.0,0.048,0,NOERROR:no-A-record,
2026-02-17 17:08:39,dns,i2oo.cn,cn,True,0,0.0,-1.0,-1.0,-1.0,0.0,0,106.75.95.143,
2026-02-17 17:08:39,dns,yunba.io,cn,True,0,0.0,-1.0,-1.0,-1.0,0.0,0,217.70.184.38,
2026-02-17 17:08:39,dns,chinaott.com,cn,True,0,0.066,-1.0,-1.0,-1.0,0.066,0,120.53.71.88,
2026-02-17 17:08:39,dns,beisen.cn,cn,True,0,0.0,-1.0,-1.0,-1.0,0.0,0,101.52.137.12,
2026-02-17 17:08:39,dns,zhaopin.cn,cn,True,0,0.0,-1.0,-1.0,-1.0,0.0,0,gtm.zhaopin.com.,
